TransactionAmt,HourOfDay,FraudProbability,RiskTier,isFraud,TransactionID
107.95,0,0.00702628804969798,Clear,0,2987000
37.021,3,0.009265150318296523,Clear,0,2987001
59.0,22,0.006562158903305336,Clear,0,2987002
57.95,3,0.003477848083250742,Clear,0,2987003
107.95,17,0.004041807671660477,Clear,0,2987004
59.0,14,0.02649513159759034,Clear,0,2987005
13.71,4,0.053097886521077754,Clear,0,2987006
30.95,1,0.0038881398964775555,Clear,0,2987007
59.0,14,0.027134325565560738,Clear,0,2987008
117.0,12,0.029000284185645552,Clear,0,2987009
51.5,20,0.007354405911513199,Clear,0,2987010
28.158,6,0.06535743264773071,Clear,0,2987011
117.0,12,0.03064436644096508,Clear,0,2987012
103.97,2,0.007887491495927811,Clear,0,2987013
39.0,23,0.006522001982209803,Clear,0,2987014
49.0,19,0.036912525478548966,Clear,0,2987015
44.0,21,0.012747764717129097,Clear,0,2987016
23.608,18,0.014217066290714678,Clear,0,2987017
59.0,23,0.01157063934084854,Clear,0,2987018
213.0,19,0.08568373212568588,Clear,0,2987019
57.95,1,0.005057675864019755,Clear,0,2987020
32.023,3,0.05055956522774765,Clear,0,2987021
59.95,22,0.031225245412118446,Clear,0,2987022
43.97,6,0.006519110017112028,Clear,0,2987023
213.0,1,0.030537854763024546,Clear,0,2987024
58.95,18,0.0027295853695887906,Clear,0,2987025
335.0,1,0.10762806828003399,Clear,0,2987026
21.751,5,0.006933861975555549,Clear,0,2987027
59.0,21,0.009638573579005138,Clear,0,2987028
52.95,13,0.005077612159255399,Clear,0,2987029
57.95,17,0.004032425606262465,Clear,0,2987030
107.95,23,0.00669344482598309,Clear,0,2987031
35.95,0,0.0031542721217267906,Clear,0,2987032
156.186,23,0.04579140513324755,Clear,0,2987033
2508.16,12,0.012143103314525398,Clear,0,2987034
14.501,2,0.03959407643938006,Clear,0,2987035
107.95,2,0.006987149761678098,Clear,0,2987036
554.0,13,0.20549410921517383,Clear,0,2987037
226.0,2,0.008981982541645015,Clear,0,2987038
226.0,15,0.020082291573898372,Clear,0,2987039
39.0,17,0.03009591743434907,Clear,0,2987040
15.951,5,0.03472967928950643,Clear,0,2987041
36.146,21,0.24354326518831917,Clear,0,2987042
304.96,0,0.02921523725510566,Clear,0,2987043
18.368,11,0.07360053589559513,Clear,0,2987044
25.95,16,0.007305380062605465,Clear,0,2987045
250.0,19,0.04435266212537393,Clear,0,2987046
25.95,2,0.01051546227319911,Clear,0,2987047
45.0,21,0.006742018411940798,Clear,0,2987048
57.95,18,0.0037933565909352694,Clear,0,2987049
117.0,16,0.025826360789304746,Clear,0,2987050
107.95,14,0.011695466263172418,Clear,0,2987051
100.0,19,0.011953093940847882,Clear,0,2987052
87.95,17,0.006399004454246754,Clear,0,2987053
44.99,16,0.034361025246369234,Clear,0,2987054
57.95,22,0.008803005863543876,Clear,0,2987055
150.0,19,0.04596357789276777,Clear,0,2987056
50.0,1,0.03262087342300998,Clear,0,2987057
11.427,18,0.7911069967774496,Critical Risk,1,2987058
117.0,15,0.04523574982649005,Clear,0,2987059
25.699,15,0.007315848547364966,Clear,0,2987060
107.0,19,0.016461007594437718,Clear,0,2987061
10.96,18,0.966878218394773,Critical Risk,1,2987062
50.0,21,0.0077572918843644605,Clear,0,2987063
32.868,16,0.13958556332294883,Clear,0,2987064
34.0,4,0.04012357636956041,Clear,0,2987065
884.0,22,0.08787914749055746,Clear,0,2987066
221.99,18,0.0067860341554843336,Clear,0,2987067
102.0,22,0.015346450562779368,Clear,0,2987068
852.94,0,0.009884068315216234,Clear,0,2987069
117.0,19,0.013357263915967456,Clear,0,2987070
163.0,20,0.020665651467143033,Clear,0,2987071
77.0,18,0.015251831754027558,Clear,0,2987072
159.95,5,0.0053412684768359645,Clear,0,2987073
73.97,18,0.007930777737885449,Clear,0,2987074
24.0,16,0.01571460351453592,Clear,0,2987075
59.0,2,0.004480560368771571,Clear,0,2987076
226.0,17,0.02112951549706144,Clear,0,2987077
378.0,16,0.015452657244159663,Clear,0,2987078
35.95,3,0.003316883681234337,Clear,0,2987079
117.0,16,0.02019485136852495,Clear,0,2987080
117.0,16,0.009825851434630507,Clear,0,2987081
100.0,20,0.008415491362890881,Clear,0,2987082
335.0,19,0.06127026804751891,Clear,0,2987083
67.95,22,0.012383717603758945,Clear,0,2987084
34.105,5,0.019717336630560956,Clear,0,2987085
171.0,20,0.055579001949511625,Clear,0,2987086
100.0,22,0.02068246126691523,Clear,0,2987087
365.0,2,0.2027232103099612,Clear,1,2987088
47.95,1,0.004018747635809876,Clear,0,2987089
57.95,12,0.007689888101457776,Clear,0,2987090
59.0,16,0.006429825984275272,Clear,0,2987091
117.0,19,0.08526880303555508,Clear,0,2987092
49.0,23,0.02222520934784574,Clear,0,2987093
59.0,20,0.04213469589101815,Clear,0,2987094
112.0,9,0.2245498107439275,Clear,0,2987095
49.0,23,0.009763006754488972,Clear,0,2987096
58.95,19,0.005848964530418251,Clear,0,2987097
54.0,21,0.04044916895261289,Clear,0,2987098
75.0,18,0.023996199047586375,Clear,0,2987099
24.5,13,0.00814624300232719,Clear,0,2987100
35.95,19,0.005521645189132787,Clear,0,2987101
34.0,16,0.06262781626670032,Clear,0,2987102
439.95,12,0.009099633180752017,Clear,0,2987103
39.0,1,0.015363813162829143,Clear,0,2987104
117.0,15,0.0441644316460957,Clear,0,2987105
200.0,18,0.042929249165423095,Clear,0,2987106
1264.95,1,0.009628615511619905,Clear,0,2987107
36.519,23,0.04480028232370747,Clear,0,2987108
30.95,21,0.0034378093621312143,Clear,0,2987109
445.0,21,0.013034657353138617,Clear,0,2987110
117.0,10,0.032947185922222275,Clear,0,2987111
87.0,16,0.007768430091510713,Clear,0,2987112
92.0,18,0.006416631307662482,Clear,0,2987113
75.0,17,0.005789667370307786,Clear,0,2987114
29.879,2,0.0371676231986402,Clear,0,2987115
117.0,16,0.0131184100780566,Clear,0,2987116
39.0,19,0.005586117027741226,Clear,0,2987117
54.5,22,0.010766363680084233,Clear,0,2987118
19.92,2,0.1437199737777326,Clear,0,2987119
134.95,19,0.028166040180211783,Clear,0,2987120
147.95,15,0.002476624992677164,Clear,0,2987121
49.0,15,0.006843176638099664,Clear,0,2987122
236.95,22,0.023391628634874307,Clear,0,2987123
512.95,17,0.00821972655260251,Clear,0,2987124
108.95,16,0.0029202652990347076,Clear,0,2987125
209.95,15,0.02523034510756621,Clear,0,2987126
117.0,18,0.0075218925965608975,Clear,0,2987127
317.5,17,0.021671046804730393,Clear,0,2987128
117.0,17,0.026105320872773143,Clear,0,2987129
36.95,21,0.004939635038636672,Clear,0,2987130
77.0,3,0.022783804800574577,Clear,0,2987131
107.95,6,0.0047266652235183745,Clear,0,2987132
108.95,15,0.0057597763361634715,Clear,0,2987133
15.0,17,0.015959664617608636,Clear,0,2987134
242.0,19,0.02165063973966208,Clear,0,2987135
41.811,20,0.007935544521717802,Clear,0,2987136
150.0,21,0.012977289903417927,Clear,0,2987137
100.0,13,0.00755346369566599,Clear,0,2987138
29.5,20,0.01750662892954206,Clear,0,2987139
120.0,1,0.006901737038786706,Clear,0,2987140
107.95,5,0.007895959320263707,Clear,0,2987141
17.643,8,0.08284066459893653,Clear,0,2987142
49.0,11,0.01115786643362928,Clear,0,2987143
45.0,13,0.011327168354517312,Clear,0,2987144
117.0,21,0.0046497613719634215,Clear,0,2987145
150.0,13,0.016906458430760104,Clear,0,2987146
582.5,0,0.09523866458975795,Clear,0,2987147
39.0,19,0.006815195121023651,Clear,0,2987148
151.0,14,0.01324488703285558,Clear,0,2987149
50.0,21,0.01348272098199181,Clear,0,2987150
59.0,22,0.015042870537120398,Clear,0,2987151
80.0,20,0.07801705614520435,Clear,0,2987152
57.95,1,0.003754781368455575,Clear,0,2987153
133.0,1,0.007066146055267702,Clear,0,2987154
58.366,4,0.9228161744850514,Critical Risk,1,2987155
100.0,18,0.03721241822613105,Clear,0,2987156
57.95,21,0.010805664547443129,Clear,0,2987157
108.43,4,0.019071680601498428,Clear,0,2987158
51.187,3,0.01771294533170564,Clear,0,2987159
44.5,0,0.00898031926384254,Clear,0,2987160
30.0,21,0.026961078941734863,Clear,0,2987161
108.95,16,0.005968484465936628,Clear,0,2987162
50.0,22,0.005657389010906581,Clear,0,2987163
25.95,0,0.0032802238509110995,Clear,0,2987164
108.95,5,0.0190622674531946,Clear,0,2987165
59.0,0,0.01659984444856123,Clear,0,2987166
37.97,1,0.004777693887221258,Clear,0,2987167
31.66,21,0.9754776705414845,Critical Risk,1,2987168
509.38,15,0.0073444549786383,Clear,0,2987169
159.95,0,0.0038315938292032203,Clear,0,2987170
107.95,17,0.00963075493670198,Clear,0,2987171
21.97,15,0.005379544293619765,Clear,0,2987172
87.99,20,0.013429693128852694,Clear,0,2987173
25.95,23,0.004416752001603689,Clear,0,2987174
59.0,5,0.041163303630887445,Clear,0,2987175
13.034,5,0.9065898488285304,Critical Risk,1,2987176
50.0,19,0.008883584684680246,Clear,0,2987177
95.0,3,0.014223542999644873,Clear,0,2987178
23.382,0,0.0815290563520036,Clear,0,2987179
57.95,21,0.00596058618095882,Clear,0,2987180
1564.95,2,0.017573381948817038,Clear,0,2987181
49.0,0,0.02177183608668734,Clear,0,2987182
117.0,23,0.04104855315716593,Clear,0,2987183
25.0,14,0.03397181149499317,Clear,0,2987184
24.591,18,0.18855262355037464,Clear,0,2987185
30.0,17,0.003614372323406025,Clear,0,2987186
59.0,18,0.012618959384495245,Clear,0,2987187
25.95,13,0.0038983520870487683,Clear,0,2987188
30.95,17,0.006676442416132206,Clear,0,2987189
107.95,23,0.006365733053535482,Clear,0,2987190
424.95,16,0.012565747675217603,Clear,0,2987191
117.0,22,0.010895254721708342,Clear,0,2987192
69.483,15,0.012857682766731444,Clear,0,2987193
59.0,1,0.010305908938991797,Clear,0,2987194
150.0,20,0.01415881546319216,Clear,0,2987195
117.0,18,0.01786312237046647,Clear,0,2987196
374.95,17,0.006028299349677849,Clear,0,2987197
35.95,3,0.006646677677316416,Clear,0,2987198
420.0,0,0.012802873623318835,Clear,0,2987199
226.0,17,0.042892859942411654,Clear,0,2987200
107.95,18,0.010681889942594615,Clear,0,2987201
226.0,16,0.02916565032540898,Clear,0,2987202
44.0,19,0.03760446890967857,Clear,0,2987203
100.0,13,0.00800822545394389,Clear,0,2987204
107.95,10,0.008309791815346815,Clear,0,2987205
117.0,0,0.03459499004285379,Clear,0,2987206
44.227,23,0.628413826364345,Suspicious,1,2987207
50.0,16,0.009883162543754983,Clear,0,2987208
30.95,19,0.018474030352003883,Clear,0,2987209
250.0,19,0.05825892915469073,Clear,0,2987210
150.0,23,0.023486826740957197,Clear,0,2987211
100.0,18,0.013865718302981242,Clear,0,2987212
66.928,20,0.132475311622311,Clear,0,2987213
39.0,15,0.008319987880323586,Clear,0,2987214
100.0,21,0.011311363460273827,Clear,0,2987215
554.0,3,0.04985100269726458,Clear,0,2987216
147.0,21,0.03546547985569874,Clear,0,2987217
15.0,18,0.011942586776058311,Clear,0,2987218
49.0,1,0.01886619620999677,Clear,0,2987219
136.0,16,0.009661381115389719,Clear,0,2987220
300.0,5,0.01857473984365166,Clear,0,2987221
134.133,19,0.9934758163380254,Critical Risk,1,2987222
29.0,18,0.014909198524213617,Clear,0,2987223
67.95,16,0.006812757627843868,Clear,0,2987224
280.0,22,0.01159071268064025,Clear,0,2987225
159.95,12,0.008981781837010544,Clear,0,2987226
100.0,3,0.006108741517326508,Clear,0,2987227
59.0,17,0.26336386720964844,Clear,0,2987228
124.95,15,0.033814991080518456,Clear,0,2987229
82.95,19,0.011085136288023762,Clear,0,2987230
59.0,20,0.02286570840137661,Clear,0,2987231
300.0,0,0.046130684870036645,Clear,0,2987232
29.0,23,0.013348866317089161,Clear,0,2987233
15.95,23,0.008038214077119578,Clear,0,2987234
47.95,18,0.014196967170963155,Clear,0,2987235
25.0,22,0.007081693905995341,Clear,0,2987236
39.0,19,0.012458645768070091,Clear,0,2987237
500.0,0,0.022378789815938403,Clear,0,2987238
67.95,14,0.006527240412040757,Clear,0,2987239
346.76,18,0.017584843940775384,Clear,0,2987240
72.292,2,0.013439659819722805,Clear,0,2987241
77.0,21,0.03518740428176913,Clear,0,2987242
150.0,21,0.14231026682139497,Clear,0,2987243
335.0,15,0.009816804072402237,Clear,0,2987244
60.0,22,0.007294775832779274,Clear,0,2987245
50.0,22,0.024846117181541536,Clear,0,2987246
35.95,15,0.005281400143727788,Clear,0,2987247
29.0,19,0.025056030542777327,Clear,0,2987248
1698.67,22,0.011310180434778303,Clear,0,2987249
140.95,22,0.01958674401650607,Clear,0,2987250
35.95,0,0.008288809380723329,Clear,0,2987251
117.0,16,0.01230582744220147,Clear,0,2987252
390.0,13,0.03350535275444374,Clear,0,2987253
25.95,14,0.05318597721053008,Clear,0,2987254
50.0,15,0.01095569005794506,Clear,1,2987255
105.95,17,0.0022855419342841417,Clear,0,2987256
57.95,15,0.003499644874096088,Clear,0,2987257
280.0,17,0.1587179716582252,Clear,0,2987258
92.0,13,0.0359452599596405,Clear,0,2987259
57.95,0,0.006815018241548985,Clear,0,2987260
445.0,3,0.06714730349176226,Clear,0,2987261
250.0,20,0.17919409745338336,Clear,0,2987262
226.0,20,0.019735326385539792,Clear,0,2987263
100.0,14,0.009327267984859278,Clear,0,2987264
29.0,22,0.015424911846212433,Clear,0,2987265
57.95,18,0.0051892221984230665,Clear,0,2987266
24.0,0,0.012518673368487502,Clear,0,2987267
57.95,21,0.004760452146763081,Clear,0,2987268
50.5,12,0.011446517202878677,Clear,0,2987269
171.0,13,0.02337588699372447,Clear,0,2987270
554.0,19,0.07486750896511257,Clear,0,2987271
1052.0,17,0.05643964670269589,Clear,0,2987272
59.0,20,0.036545342572974496,Clear,0,2987273
15.95,6,0.006501223163381648,Clear,0,2987274
107.95,2,0.01359147876344392,Clear,0,2987275
107.95,3,0.007270979612026384,Clear,0,2987276
117.0,0,0.05821061670242219,Clear,0,2987277
100.0,0,0.01394077793379674,Clear,0,2987278
213.0,0,0.022789372370714902,Clear,0,2987279
203.0,11,0.04324139745170006,Clear,0,2987280
20.0,7,0.00973778368555077,Clear,0,2987281
209.95,2,0.00986347437295137,Clear,0,2987282
75.99,19,0.023218774686896277,Clear,0,2987283
35.95,0,0.006794327640061693,Clear,0,2987284
57.0,21,0.00624522515687184,Clear,0,2987285
134.95,22,0.011194261161655136,Clear,0,2987286
57.95,17,0.005703109959322025,Clear,0,2987287
88.95,21,0.008893623522023055,Clear,0,2987288
30.0,2,0.009443256258779027,Clear,0,2987289
367.35,23,0.010640099470574751,Clear,0,2987290
49.0,0,0.007440075667523718,Clear,0,2987291
50.0,14,0.00991837042987586,Clear,0,2987292
50.0,22,0.012886241388510656,Clear,0,2987293
209.95,19,0.005025313846486586,Clear,0,2987294
35.0,17,0.008964734548402,Clear,0,2987295
54.5,16,0.01175343854403974,Clear,0,2987296
105.0,4,0.02254833782913703,Clear,0,2987297
1164.95,0,0.019993306026955985,Clear,0,2987298
75.0,2,0.0058295518792029636,Clear,0,2987299
30.693,0,0.01800478879938053,Clear,0,2987300
44.5,23,0.012574048148084363,Clear,0,2987301
47.49,23,0.18558630730215134,Clear,0,2987302
57.95,18,0.004174035713579772,Clear,0,2987303
57.95,17,0.003961117970313099,Clear,0,2987304
49.0,14,0.004008510634943815,Clear,0,2987305
49.0,20,0.07736369581103732,Clear,0,2987306
100.0,2,0.5360376317436383,Suspicious,0,2987307
75.0,6,0.018135580632819844,Clear,0,2987308
774.0,5,0.08241043767078894,Clear,0,2987309
39.0,17,0.014246315957405007,Clear,0,2987310
270.0,19,0.09284206225895401,Clear,0,2987311
6.005,5,0.3134576312178489,Clear,0,2987312
141.0,12,0.011590275619051266,Clear,0,2987313
105.0,16,0.005688789573393785,Clear,0,2987314
75.0,3,0.024335821659694255,Clear,0,2987315
31.298,1,0.26616158905112525,Clear,1,2987316
30.95,15,0.0035349384649791824,Clear,0,2987317
54.0,23,0.012524392945055583,Clear,0,2987318
20.0,22,0.056557199413437426,Clear,0,2987319
117.0,20,0.007475929150917308,Clear,0,2987320
297.5,23,0.016207156437264527,Clear,0,2987321
64.649,5,0.3762353710769899,Clear,1,2987322
64.48,22,0.02493179953301455,Clear,0,2987323
57.95,19,0.004859578971214659,Clear,0,2987324
117.0,0,0.0197145659671795,Clear,0,2987325
26.947,4,0.04295439875973937,Clear,0,2987326
51.0,16,0.017604564219014993,Clear,0,2987327
469.6,22,0.021162559789746908,Clear,0,2987328
47.95,1,0.005128296408557027,Clear,0,2987329
49.0,18,0.012032096969282114,Clear,0,2987330
159.95,4,0.008620321493093958,Clear,0,2987331
146.0,14,0.028882850959350677,Clear,0,2987332
100.0,22,0.029573550310842942,Clear,0,2987333
94.618,19,0.29833611564110263,Clear,0,2987334
42.676,20,0.010324971102046858,Clear,0,2987335
100.0,20,0.012568969688391744,Clear,0,2987336
100.0,17,0.006605878045272412,Clear,0,2987337
389.95,20,0.0063090066166064055,Clear,0,2987338
39.0,4,0.009508920083845556,Clear,0,2987339
55.95,1,0.1555013645835159,Clear,1,2987340
1436.0,5,0.14698927326112018,Clear,0,2987341
16.797,20,0.0790480872278784,Clear,0,2987342
411.0,14,0.03700229610984924,Clear,0,2987343
39.0,20,0.01694551387125822,Clear,0,2987344
57.95,0,0.006501757846182203,Clear,0,2987345
107.95,2,0.007372368446503689,Clear,0,2987346
117.0,21,0.01906071704672203,Clear,0,2987347
424.95,14,0.00865313065537429,Clear,0,2987348
26.41,5,0.07325638322812841,Clear,0,2987349
24.0,17,0.03192594231384949,Clear,0,2987350
100.0,13,0.0086248816176748,Clear,0,2987351
200.0,14,0.009413907205599899,Clear,0,2987352
9.468,7,0.8395357042934719,Critical Risk,0,2987353
6.163,2,0.011723018236694518,Clear,0,2987354
171.0,0,0.021105745240460803,Clear,0,2987355
107.95,2,0.004669055100688271,Clear,0,2987356
47.95,17,0.0027005756866914157,Clear,0,2987357
75.0,3,0.00945753829808674,Clear,0,2987358
21.95,23,0.004133680437783171,Clear,0,2987359
57.95,8,0.0041926817537293794,Clear,0,2987360
100.0,0,0.009713709515657852,Clear,0,2987361
112.99,2,0.033349256289668526,Clear,0,2987362
57.95,18,0.0038963776651306406,Clear,0,2987363
25.0,16,0.006626590180380912,Clear,0,2987364
97.0,23,0.13071388883417764,Clear,0,2987365
75.324,20,0.13935992144648301,Clear,0,2987366
35.0,18,0.016254705250500125,Clear,0,2987367
41.806,17,0.07457199643262225,Clear,0,2987368
107.95,1,0.003514328403103857,Clear,0,2987369
59.0,16,0.00813380827605906,Clear,0,2987370
59.0,3,0.011902079451431825,Clear,0,2987371
752.99,14,0.013995427234790742,Clear,0,2987372
21.389,18,0.026259398841867163,Clear,0,2987373
77.0,2,0.02874519204045808,Clear,0,2987374
25.95,4,0.005306058532928135,Clear,0,2987375
9.96,2,0.09405063955855317,Clear,0,2987376
222.0,19,0.006719494392718465,Clear,0,2987377
29.0,13,0.026886092748608186,Clear,0,2987378
390.0,6,0.03994322012469878,Clear,0,2987379
77.95,3,0.00824561849308211,Clear,0,2987380
35.95,14,0.004950659613334661,Clear,0,2987381
57.95,0,0.0031875081949930203,Clear,0,2987382
57.95,10,0.00391977286541377,Clear,0,2987383
20.473,4,0.018957282153230257,Clear,0,2987384
30.95,15,0.0032755592663159345,Clear,0,2987385
361.0,17,0.029088118360440396,Clear,0,2987386
209.95,18,0.009050768445789796,Clear,0,2987387
307.95,20,0.011621032435208635,Clear,0,2987388
53.869,4,0.5234339163800716,Suspicious,0,2987389
82.0,4,0.04314588259838853,Clear,0,2987390
159.95,19,0.008660433717468588,Clear,0,2987391
57.95,15,0.03378063932639973,Clear,0,2987392
29.0,17,0.015410982789904389,Clear,0,2987393
29.0,14,0.01609416327086179,Clear,0,2987394
15.0,6,0.010518589541202052,Clear,0,2987395
47.95,16,0.006780398033195461,Clear,0,2987396
500.0,15,0.03934862379946917,Clear,0,2987397
5.427,13,0.01430951192194897,Clear,0,2987398
117.0,23,0.010756073332889516,Clear,0,2987399
250.0,23,0.0162855516221468,Clear,0,2987400
67.95,2,0.007468353227824065,Clear,0,2987401
32.97,15,0.004254707329514065,Clear,0,2987402
196.0,21,0.008060818197238258,Clear,0,2987403
100.0,11,0.0129715203549228,Clear,0,2987404
57.95,16,0.0037796641175333566,Clear,0,2987405
59.0,22,0.008867024018519932,Clear,0,2987406
130.55,15,0.00935756133562072,Clear,0,2987407
72.0,0,0.012856424162607034,Clear,0,2987408
353.95,23,0.011940464670038124,Clear,0,2987409
108.95,22,0.0035119129282269084,Clear,0,2987410
250.0,22,0.028703590683783635,Clear,0,2987411
139.95,16,0.019805916667730405,Clear,0,2987412
54.5,17,0.03379535004371902,Clear,0,2987413
39.394,5,0.12635251593622537,Clear,0,2987414
117.0,23,0.01077461021246209,Clear,0,2987415
200.0,17,0.004894913441921389,Clear,0,2987416
24.289,22,0.017887210486370608,Clear,0,2987417
219.95,20,0.009785389054880777,Clear,0,2987418
45.95,15,0.004444703704724106,Clear,0,2987419
77.95,6,0.00657541298719564,Clear,0,2987420
166.99,22,0.03998417797705001,Clear,0,2987421
421.95,13,0.014733004863882347,Clear,0,2987422
50.0,15,0.00751230757124061,Clear,0,2987423
50.0,4,0.008842485267795772,Clear,0,2987424
150.0,15,0.024342575061327663,Clear,0,2987425
700.0,22,0.013082186980543356,Clear,0,2987426
672.59,12,0.007046455585897664,Clear,0,2987427
82.95,17,0.004759038015563223,Clear,0,2987428
57.95,4,0.004093478198079678,Clear,0,2987429
205.95,16,0.004988367676977785,Clear,0,2987430
59.0,1,0.03823314543347087,Clear,0,2987431
280.0,13,0.03758948170490496,Clear,0,2987432
39.0,4,0.014573863526902904,Clear,0,2987433
49.0,23,0.0131580949224237,Clear,0,2987434
49.0,1,0.11068577927388991,Clear,0,2987435
68.95,14,0.005814846542985406,Clear,0,2987436
39.0,19,0.011410331371545651,Clear,0,2987437
100.0,21,0.009519529799364686,Clear,0,2987438
57.95,15,0.01230057583355267,Clear,0,2987439
42.95,17,0.003956358484084401,Clear,0,2987440
49.0,11,0.01723862808563212,Clear,0,2987441
49.0,19,0.006662642701997953,Clear,0,2987442
95.321,5,0.016715812939431977,Clear,0,2987443
159.95,4,0.00979187259891495,Clear,0,2987444
117.0,21,0.017906676711999962,Clear,0,2987445
201.95,15,0.007576303661567125,Clear,0,2987446
40.0,3,0.0056379590368245995,Clear,0,2987447
68.95,23,0.006323870113834063,Clear,0,2987448
150.0,23,0.10856382930963213,Clear,1,2987449
59.0,21,0.011888098342031476,Clear,0,2987450
209.95,18,0.016511806778285457,Clear,0,2987451
48.95,16,0.004229629632311773,Clear,0,2987452
42.95,18,0.004062590940907313,Clear,0,2987453
49.0,5,0.012934316680350786,Clear,0,2987454
59.0,17,0.021727056150727213,Clear,0,2987455
25.0,21,0.00899585863765294,Clear,0,2987456
25.95,21,0.01099685789144116,Clear,0,2987457
50.0,19,0.006338992100973329,Clear,0,2987458
15.95,22,0.008238443060170119,Clear,0,2987459
50.0,12,0.007414169793399739,Clear,0,2987460
107.95,14,0.00850060562861419,Clear,0,2987461
226.0,17,0.018550300924442556,Clear,0,2987462
25.0,23,0.006306191707173947,Clear,0,2987463
317.5,14,0.06283775729874626,Clear,0,2987464
23.95,2,0.0061693595872046245,Clear,0,2987465
378.5,20,0.008555298866000769,Clear,0,2987466
206.0,18,0.07222594520832076,Clear,0,2987467
150.0,19,0.011103859044588273,Clear,0,2987468
35.95,2,0.009446630845118131,Clear,0,2987469
92.0,14,0.0063000062316791216,Clear,0,2987470
30.95,16,0.006466241313922669,Clear,0,2987471
150.0,21,0.014746224148955838,Clear,0,2987472
54.0,23,0.09264290888231679,Clear,0,2987473
112.99,18,0.02841422805474141,Clear,0,2987474
22.379,17,0.11104483681389908,Clear,0,2987475
31.0,20,0.016087408125807324,Clear,0,2987476
15.158,19,0.26419413868255415,Clear,0,2987477
150.0,19,0.008626554268212202,Clear,0,2987478
97.95,21,0.004639876465247221,Clear,0,2987479
554.0,19,0.08139785836530519,Clear,0,2987480
50.0,20,0.026716380337431837,Clear,0,2987481
92.0,16,0.01983591681505536,Clear,0,2987482
30.95,20,0.005192474132002561,Clear,0,2987483
97.95,7,0.007102000058522503,Clear,0,2987484
1811.0,20,0.04658708964284431,Clear,0,2987485
117.0,16,0.014667147308661638,Clear,0,2987486
159.95,8,0.08531690569889512,Clear,0,2987487
30.95,23,0.01745539833777236,Clear,0,2987488
21.51,16,0.019926194501050907,Clear,0,2987489
186.0,21,0.061776704793764625,Clear,0,2987490
95.101,4,0.7133450031534615,Suspicious,0,2987491
24.469,4,0.20921060615468595,Clear,0,2987492
117.0,18,0.024179907520885002,Clear,0,2987493
280.0,18,0.01585036482305893,Clear,0,2987494
44.541,21,0.04626663548884408,Clear,0,2987495
25.95,17,0.008960765083164828,Clear,0,2987496
422.5,1,0.2071324588637303,Clear,0,2987497
159.95,2,0.009144152270379477,Clear,0,2987498
27.31,1,0.1587975508695423,Clear,0,2987499
160.95,22,0.005032231424956864,Clear,0,2987500
35.95,23,0.0057575741446667765,Clear,0,2987501
226.0,22,0.07941430643713161,Clear,0,2987502
30.95,21,0.0049771473934915374,Clear,0,2987503
92.95,21,0.022381775473016927,Clear,1,2987504
59.0,18,0.008354732948180794,Clear,0,2987505
49.0,14,0.04499208511141742,Clear,0,2987506
65.676,17,0.06848372577104732,Clear,0,2987507
300.0,20,0.07912370273887236,Clear,0,2987508
424.95,21,0.012780330694888924,Clear,1,2987509
77.0,21,0.006502956294959797,Clear,0,2987510
38.185,22,0.07467023801815663,Clear,0,2987511
141.404,3,0.9473438961450541,Critical Risk,1,2987512
57.95,18,0.004184082678892078,Clear,0,2987513
265.0,22,0.14871198237152836,Clear,0,2987514
226.0,16,0.012582628250801475,Clear,0,2987515
108.95,2,0.008537679999239479,Clear,0,2987516
200.0,15,0.010875461309615895,Clear,0,2987517
26.0,12,0.08243759303487505,Clear,0,2987518
171.0,1,0.012722645454894056,Clear,0,2987519
49.0,18,0.008054391619872186,Clear,1,2987520
43.97,22,0.00688648393822246,Clear,0,2987521
100.0,13,0.011695468523271739,Clear,0,2987522
48.97,0,0.006724488636331379,Clear,0,2987523
117.0,2,0.010817772668735744,Clear,0,2987524
38.732,23,0.08828771835041774,Clear,0,2987525
28.579,5,0.041979328397701035,Clear,0,2987526
12.05,0,0.08187141450324704,Clear,0,2987527
19.697,7,0.022269173203683892,Clear,0,2987528
58.95,20,0.011323700023847383,Clear,0,2987529
8.3,15,0.014545583144554095,Clear,0,2987530
16.072,14,0.019667453136867356,Clear,0,2987531
49.0,20,0.004560235748196769,Clear,0,2987532
102.0,5,0.009323874342436637,Clear,0,2987533
335.0,21,0.2934817846209784,Clear,0,2987534
50.0,19,0.012660625281767684,Clear,0,2987535
50.0,15,0.011576415392951315,Clear,0,2987536
57.95,14,0.004541238154840205,Clear,0,2987537
59.0,19,0.011419244709464918,Clear,0,2987538
59.0,20,0.010158618818139313,Clear,0,2987539
67.95,15,0.006281266177568695,Clear,0,2987540
30.95,13,0.008692817882158707,Clear,0,2987541
48.95,19,0.004817767480542698,Clear,0,2987542
117.0,18,0.019800687475898943,Clear,0,2987543
44.5,15,0.04770529852433786,Clear,0,2987544
65.11,19,0.018276881005245313,Clear,0,2987545
30.95,1,0.013839289653051555,Clear,0,2987546
141.0,22,0.05766038926427687,Clear,0,2987547
311.95,21,0.01021566150729613,Clear,0,2987548
41.95,22,0.01076891610460278,Clear,0,2987549
100.0,17,0.04743198366367753,Clear,0,2987550
47.0,22,0.038766637318732824,Clear,0,2987551
47.95,13,0.006183714814222463,Clear,0,2987552
26.95,19,0.007934451679982335,Clear,0,2987553
107.95,16,0.005304090760396608,Clear,0,2987554
117.0,21,0.0165746767126115,Clear,0,2987555
47.95,21,0.01793453015836726,Clear,0,2987556
55.0,14,0.006128296863192136,Clear,0,2987557
222.0,19,0.05712822405109851,Clear,0,2987558
500.0,10,0.05636397984812104,Clear,0,2987559
57.95,2,0.009168067287691449,Clear,0,2987560
75.0,13,0.014469738953816532,Clear,0,2987561
60.0,17,0.004836771588448798,Clear,0,2987562
100.0,21,0.005842041357229429,Clear,0,2987563
25.95,15,0.0047881942867375,Clear,0,2987564
216.0,19,0.02579625542209247,Clear,0,2987565
59.0,18,0.09940760646056744,Clear,0,2987566
319.95,13,0.013044462103547845,Clear,0,2987567
774.0,20,0.15305699305252576,Clear,0,2987568
161.97,7,0.014643135387923624,Clear,0,2987569
171.0,1,0.030605431519073748,Clear,0,2987570
60.0,20,0.0034655902533476525,Clear,0,2987571
34.0,16,0.013602827920037213,Clear,0,2987572
280.0,18,0.044157814225635895,Clear,0,2987573
159.95,20,0.009315607811774033,Clear,0,2987574
255.0,20,0.016364888528922077,Clear,0,2987575
171.0,22,0.05218481558029062,Clear,0,2987576
499.95,22,0.02470098992128695,Clear,0,2987577
50.0,1,0.024555518947542012,Clear,0,2987578
54.5,23,0.022369893578636776,Clear,0,2987579
12.024,5,0.011898259825676443,Clear,0,2987580
34.0,23,0.02806498644971788,Clear,0,2987581
83.95,20,0.02394673420114092,Clear,0,2987582
28.47,4,0.003748925364736919,Clear,0,2987583
14.325,22,0.9215589420529412,Critical Risk,1,2987584
77.0,0,0.0203981281882346,Clear,0,2987585
190.323,3,0.04861483127447642,Clear,0,2987586
50.0,14,0.012936885553188653,Clear,0,2987587
130.0,15,0.0052288630963545895,Clear,0,2987588
107.95,16,0.008489440850591784,Clear,0,2987589
117.0,17,0.007801040965897959,Clear,0,2987590
50.0,1,0.009453234908739028,Clear,0,2987591
50.0,3,0.01090907761421899,Clear,0,2987592
25.0,20,0.014603668574725797,Clear,0,2987593
47.99,2,0.015394365358331222,Clear,0,2987594
403.95,0,0.018804255433496234,Clear,0,2987595
150.0,16,0.47839163289324077,Suspicious,0,2987596
31.5,17,0.010417033611022164,Clear,0,2987597
85.0,12,0.004563025089577884,Clear,0,2987598
117.0,19,0.011450362145050139,Clear,0,2987599
22.839,7,0.907806914576687,Critical Risk,1,2987600
49.0,19,0.015510514500143718,Clear,0,2987601
50.0,18,0.017436505121743995,Clear,0,2987602
50.0,20,0.016923327346026997,Clear,0,2987603
57.95,0,0.004796156694489393,Clear,0,2987604
107.95,13,0.00773435139935083,Clear,0,2987605
422.5,3,0.031536869229132646,Clear,0,2987606
44.0,0,0.012963919874053868,Clear,0,2987607
29.0,19,0.04130243023269344,Clear,0,2987608
49.0,15,0.021352699768299992,Clear,0,2987609
117.0,20,0.035612789337927775,Clear,0,2987610
48.95,18,0.006938149191466287,Clear,0,2987611
57.95,2,0.003637826988072469,Clear,0,2987612
59.0,21,0.0121146919529274,Clear,0,2987613
59.695,19,0.0607419364196758,Clear,0,2987614
49.0,22,0.014371215717814927,Clear,0,2987615
57.95,5,0.02129145013423248,Clear,0,2987616
20.95,19,0.004744088632222734,Clear,0,2987617
200.0,11,0.04561637674625179,Clear,0,2987618
30.95,17,0.007277173608801446,Clear,0,2987619
5.841,23,0.007579605394821889,Clear,0,2987620
30.0,6,0.028023406017235873,Clear,0,2987621
25.0,13,0.08522131397957584,Clear,0,2987622
49.95,3,0.019863322568411355,Clear,0,2987623
64.309,22,0.39249461384693496,Clear,1,2987624
50.0,17,0.44990993507222576,Suspicious,0,2987625
86.318,2,0.9782687877134566,Critical Risk,1,2987626
57.95,22,0.0038595458781759216,Clear,0,2987627
35.0,22,0.005328598403332621,Clear,0,2987628
59.0,17,0.008567006963445875,Clear,0,2987629
49.0,20,0.053010666642556575,Clear,0,2987630
58.95,19,0.0053836183723689306,Clear,0,2987631
59.0,23,0.01218659314205789,Clear,0,2987632
15.0,10,0.024971648679188857,Clear,0,2987633
57.95,14,0.020174290201501847,Clear,0,2987634
47.95,15,0.002545525699801195,Clear,0,2987635
35.95,23,0.009195550160989678,Clear,0,2987636
47.95,16,0.003111039656721866,Clear,0,2987637
380.0,22,0.018028304777658734,Clear,0,2987638
36.95,3,0.004226634122313761,Clear,0,2987639
30.95,20,0.03478693189292284,Clear,0,2987640
250.0,22,0.010462346698702591,Clear,0,2987641
117.0,18,0.014415718999972365,Clear,0,2987642
117.0,7,0.021091938633316456,Clear,0,2987643
34.0,20,0.005540594005584363,Clear,0,2987644
59.0,18,0.016412345668644274,Clear,0,2987645
107.95,16,0.005755247051929006,Clear,0,2987646
22.387,3,0.02237915399434617,Clear,0,2987647
57.95,13,0.004485732343678281,Clear,0,2987648
48.95,16,0.005059069282167261,Clear,0,2987649
77.95,12,0.011345922678214885,Clear,0,2987650
40.723,1,0.010690039806696694,Clear,0,2987651
600.0,3,0.03958628799162678,Clear,0,2987652
23.564,6,0.06521060695258873,Clear,0,2987653
34.0,17,0.01599458648577791,Clear,0,2987654
59.0,22,0.012582663407579039,Clear,0,2987655
30.0,20,0.01616670921367264,Clear,0,2987656
92.0,16,0.009134025023391048,Clear,0,2987657
20.0,2,0.02188693924642023,Clear,0,2987658
200.0,21,0.013650692536671232,Clear,0,2987659
200.0,16,0.04648380506973074,Clear,0,2987660
30.0,13,0.03181697943510287,Clear,0,2987661
50.0,19,0.02444634732939499,Clear,0,2987662
100.0,3,0.018897860998003325,Clear,0,2987663
335.0,15,0.02937077086792469,Clear,0,2987664
117.0,22,0.025076971206205608,Clear,0,2987665
23.262,21,0.13149984089567607,Clear,0,2987666
57.95,23,0.003034024854387114,Clear,0,2987667
59.0,2,0.011925617742495212,Clear,0,2987668
25.95,2,0.004886846702622842,Clear,0,2987669
87.0,17,0.021559764268381975,Clear,0,2987670
75.0,13,0.07096107028055203,Clear,0,2987671
161.083,20,0.9743922453776159,Critical Risk,1,2987672
50.0,20,0.03278199868599422,Clear,0,2987673
226.0,2,0.04432153204568449,Clear,0,2987674
210.95,0,0.008015971565365128,Clear,0,2987675
59.0,10,0.019413517142882766,Clear,0,2987676
171.0,12,0.34702410631562847,Clear,0,2987677
30.0,14,0.019161695178258106,Clear,0,2987678
10.99,15,0.011330588865527657,Clear,0,2987679
737.0,14,0.020021807511863454,Clear,0,2987680
79.95,1,0.0063310024266808596,Clear,0,2987681
31.0,23,0.013310863064805856,Clear,0,2987682
150.0,19,0.12745116539952997,Clear,1,2987683
108.5,18,0.008625397396043701,Clear,0,2987684
56.0,21,0.017025089437526342,Clear,0,2987685
108.95,22,0.006441225638375289,Clear,0,2987686
38.77,2,0.03747852233713975,Clear,0,2987687
50.0,20,0.017876140482144868,Clear,0,2987688
30.0,23,0.09280031773495444,Clear,0,2987689
49.0,12,0.006816564930637505,Clear,0,2987690
75.0,2,0.01464382646873811,Clear,0,2987691
64.95,0,0.00479233329507198,Clear,0,2987692
29.0,17,0.008465895168654624,Clear,0,2987693
57.95,19,0.003630425931674744,Clear,0,2987694
100.0,17,0.012722957928896104,Clear,0,2987695
1044.95,17,0.012473970832111932,Clear,0,2987696
44.99,0,0.01026792624523348,Clear,0,2987697
21.95,15,0.0043348389483559915,Clear,0,2987698
107.95,17,0.003874758414436087,Clear,0,2987699
67.95,5,0.005437216955995254,Clear,0,2987700
18.307,0,0.014098969621804631,Clear,0,2987701
100.0,3,0.015819672565277533,Clear,0,2987702
100.0,2,0.041795570945158664,Clear,0,2987703
100.0,0,0.006681007315296092,Clear,0,2987704
250.0,19,0.012076254766817084,Clear,0,2987705
54.862,21,0.0070186450099017205,Clear,0,2987706
100.0,23,0.010778055724643451,Clear,0,2987707
15.951,1,0.874150521063858,Critical Risk,1,2987708
117.0,2,0.09734369707823212,Clear,0,2987709
107.95,0,0.006283839486749488,Clear,0,2987710
159.95,0,0.0031681901142206685,Clear,0,2987711
107.95,9,0.009578851277529249,Clear,0,2987712
14.501,3,0.028526138160990557,Clear,0,2987713
554.0,22,0.2690726562087319,Clear,1,2987714
39.0,19,0.007973501547061359,Clear,0,2987715
25.0,17,0.0046570049723683345,Clear,0,2987716
35.95,2,0.008324129823600894,Clear,0,2987717
280.0,2,0.06016371328403707,Clear,0,2987718
150.0,0,0.006823012604676802,Clear,0,2987719
554.0,16,0.048052793978336776,Clear,0,2987720
34.0,23,0.014626751366950486,Clear,0,2987721
15.186,13,0.01859761454651404,Clear,0,2987722
117.0,0,0.013942390213834251,Clear,0,2987723
49.0,19,0.03215918560228135,Clear,0,2987724
117.0,20,0.09557282256608254,Clear,0,2987725
107.95,6,0.00731975288651521,Clear,0,2987726
200.0,23,0.007573763847257272,Clear,0,2987727
10.0,13,0.00825392240484932,Clear,0,2987728
59.0,21,0.012945299113121419,Clear,0,2987729
20.93,16,0.04234960961648509,Clear,1,2987730
57.0,23,0.015135978866267786,Clear,0,2987731
159.95,0,0.008104774770939021,Clear,0,2987732
47.0,0,0.011223574364219082,Clear,0,2987733
107.95,18,0.024834852628424487,Clear,0,2987734
34.0,18,0.013224213483612348,Clear,0,2987735
371.95,20,0.005595452039439282,Clear,0,2987736
159.95,12,0.006514352562445143,Clear,0,2987737
150.0,21,0.03468995313248732,Clear,0,2987738
100.0,3,0.047277135049227884,Clear,0,2987739
130.0,15,0.0052288630963545895,Clear,0,2987740
137.0,20,0.03951839233232074,Clear,0,2987741
599.81,16,0.02685556844186223,Clear,0,2987742
29.0,21,0.026538422169750577,Clear,0,2987743
350.0,17,0.05362531691997034,Clear,0,2987744
49.0,21,0.014378327926546948,Clear,0,2987745
34.95,19,0.0037028542820491672,Clear,0,2987746
44.0,3,0.013189585665106508,Clear,0,2987747
117.0,19,0.011307164784808631,Clear,0,2987748
26.95,22,0.007655803477898985,Clear,0,2987749
35.0,19,0.014051458448472023,Clear,0,2987750
397.5,17,0.1353584019916454,Clear,0,2987751
35.95,11,0.0037201686327041203,Clear,0,2987752
34.0,14,0.009500109761090308,Clear,0,2987753
68.5,18,0.018310878890685153,Clear,0,2987754
35.95,0,0.009688192486749623,Clear,0,2987755
10.0,16,0.002931140913544607,Clear,0,2987756
107.95,16,0.005386184224735178,Clear,0,2987757
100.0,21,0.006270862718833125,Clear,0,2987758
57.95,3,0.0038321323282063217,Clear,0,2987759
59.0,5,0.014110535985793305,Clear,0,2987760
26.0,16,0.008166530581536676,Clear,0,2987761
25.0,1,0.006646077625821621,Clear,0,2987762
226.0,19,0.011063437520606022,Clear,0,2987763
50.0,22,0.005126791397526851,Clear,0,2987764
92.0,18,0.0212193815310205,Clear,0,2987765
200.0,16,0.08373897729107753,Clear,0,2987766
50.0,3,0.016912377438126305,Clear,0,2987767
43.95,19,0.005331963103629083,Clear,0,2987768
108.5,14,0.010156395857031974,Clear,0,2987769
59.0,20,0.008954285887142433,Clear,0,2987770
400.0,5,0.07987646719753223,Clear,0,2987771
42.559,19,0.011323605457846286,Clear,0,2987772
722.47,20,0.022474209482781754,Clear,0,2987773
47.95,17,0.006053705645839252,Clear,0,2987774
42.559,16,0.01699679231727072,Clear,0,2987775
6.948,23,0.023021069546846688,Clear,0,2987776
66.0,16,0.012364676157664529,Clear,0,2987777
53.97,18,0.004116510742285054,Clear,0,2987778
8.0,2,0.022543195948387613,Clear,0,2987779
65.762,13,0.015973450536574785,Clear,0,2987780
60.0,1,0.007375505956388684,Clear,0,2987781
63.622,18,0.1739883459349506,Clear,0,2987782
50.0,16,0.05201538579802787,Clear,0,2987783
59.0,19,0.010786718649712196,Clear,0,2987784
57.95,18,0.006014955525205172,Clear,0,2987785
30.95,15,0.0038185649324595874,Clear,0,2987786
31.365,22,0.8258824883710735,Critical Risk,1,2987787
112.0,21,0.01580074514930722,Clear,0,2987788
226.0,1,0.011307100594260128,Clear,0,2987789
226.0,12,0.1251484450909544,Clear,0,2987790
386.0,20,0.08262409036823531,Clear,0,2987791
100.0,11,0.003783876856024661,Clear,0,2987792
107.95,22,0.005763280309322286,Clear,0,2987793
39.0,0,0.018037983375230996,Clear,0,2987794
72.95,4,0.00571860689099567,Clear,0,2987795
107.95,13,0.006665397957664656,Clear,0,2987796
39.0,0,0.018146100516071392,Clear,0,2987797
107.95,16,0.0034591368492541165,Clear,0,2987798
80.0,22,0.06853816902687487,Clear,0,2987799
280.0,15,0.04639651283552316,Clear,0,2987800
49.544,23,0.8863103853396656,Critical Risk,1,2987801
73.5,18,0.017291528246601594,Clear,0,2987802
31.5,22,0.010286553148910499,Clear,0,2987803
25.95,16,0.03967260856080718,Clear,0,2987804
49.0,14,0.006093373001321038,Clear,0,2987805
15.0,10,0.49888528685907013,Suspicious,1,2987806
49.0,23,0.0073578353592123336,Clear,0,2987807
250.0,16,0.01930669942419804,Clear,0,2987808
103.95,4,0.026080007819725973,Clear,0,2987809
25.0,21,0.00587377230347668,Clear,0,2987810
20.0,3,0.007816279598393334,Clear,0,2987811
85.0,13,0.03162164884767661,Clear,0,2987812
253.8,3,0.012944769064933028,Clear,0,2987813
29.0,5,0.011974211079579515,Clear,0,2987814
54.5,17,0.037715443666587974,Clear,0,2987815
59.0,16,0.15958127428688124,Clear,0,2987816
554.0,3,0.01193738416266157,Clear,0,2987817
50.0,19,0.006951704779931326,Clear,0,2987818
236.95,20,0.007658361644998001,Clear,0,2987819
159.95,2,0.00768441212957877,Clear,0,2987820
42.95,20,0.005868978226853582,Clear,0,2987821
68.5,2,0.05997000336819349,Clear,0,2987822
152.163,17,0.30219646658922844,Clear,1,2987823
30.95,13,0.002931422037650746,Clear,0,2987824
107.95,1,0.03245453712899915,Clear,0,2987825
43.95,18,0.03704772469716705,Clear,0,2987826
92.0,13,0.025352107007867393,Clear,0,2987827
1932.22,21,0.007564921750580714,Clear,0,2987828
50.209,20,0.4838988505173275,Suspicious,0,2987829
465.34,14,0.020080861499787068,Clear,0,2987830
39.0,0,0.014253956912060491,Clear,0,2987831
100.0,17,0.005902723918767942,Clear,0,2987832
59.0,13,0.009945846484803005,Clear,0,2987833
22.0,17,0.03663669744565771,Clear,0,2987834
160.65,16,0.018021648920849585,Clear,0,2987835
390.0,21,0.05389738478223044,Clear,0,2987836
34.0,20,0.008155411928558585,Clear,0,2987837
29.0,15,0.015064644769967337,Clear,0,2987838
355.47,21,0.011253115467407501,Clear,0,2987839
171.0,22,0.009538980401791663,Clear,0,2987840
430.0,23,0.03678611411342775,Clear,0,2987841
249.95,22,0.008884803487190668,Clear,0,2987842
9.468,14,0.2069046339319016,Clear,0,2987843
100.0,14,0.008434202687952112,Clear,0,2987844
175.0,21,0.10614267204140446,Clear,0,2987845
169.95,1,0.00897530520193173,Clear,0,2987846
49.544,14,0.015911922642989795,Clear,0,2987847
25.0,13,0.06416820384680524,Clear,0,2987848
15.0,17,0.006994281203281949,Clear,0,2987849
20.522,18,0.04023640485402877,Clear,0,2987850
102.0,22,0.026868936856444002,Clear,0,2987851
82.0,16,0.025917071194075995,Clear,0,2987852
134.95,19,0.017496343933675263,Clear,0,2987853
221.95,19,0.004066975702902007,Clear,0,2987854
159.95,22,0.010809545589286765,Clear,0,2987855
209.95,18,0.016741705309922913,Clear,0,2987856
300.0,15,0.028407082117894375,Clear,0,2987857
226.0,21,0.005536098998040097,Clear,0,2987858
38.012,23,0.032101550029186375,Clear,0,2987859
2784.35,18,0.005711321397886087,Clear,0,2987860
59.0,19,0.011824812800911681,Clear,0,2987861
442.51,21,0.02151212153503891,Clear,0,2987862
59.0,14,0.02080712873702569,Clear,0,2987863
35.95,16,0.006100857948401108,Clear,0,2987864
23.5,20,0.015380275445961652,Clear,0,2987865
29.5,2,0.01514828678808719,Clear,0,2987866
59.0,1,0.01421725885348661,Clear,0,2987867
581.95,18,0.014017679727884853,Clear,0,2987868
411.95,1,0.005948227209543287,Clear,0,2987869
82.95,12,0.012453598612531402,Clear,0,2987870
98.95,3,0.0069380429762531965,Clear,0,2987871
34.621,22,0.03880274455057099,Clear,0,2987872
97.0,20,0.02779537829052625,Clear,0,2987873
71.0,21,0.013229533318458598,Clear,0,2987874
226.0,23,0.06731299882475378,Clear,0,2987875
59.0,23,0.011754754998843608,Clear,0,2987876
45.95,18,0.009796135148782154,Clear,0,2987877
226.0,17,0.01363423086086086,Clear,0,2987878
19.878,2,0.0325672239070642,Clear,0,2987879
87.95,14,0.003810627078555686,Clear,0,2987880
106.098,0,0.09748295696328436,Clear,0,2987881
73.95,21,0.009127332687099038,Clear,0,2987882
26.95,15,0.003583466806336719,Clear,0,2987883
335.0,1,0.03163147440314005,Clear,0,2987884
59.0,16,0.00964290865849626,Clear,0,2987885
44.0,14,0.010751460847781192,Clear,0,2987886
49.0,19,0.007431675578598034,Clear,0,2987887
675.0,17,0.03258767969101657,Clear,0,2987888
226.0,17,0.027214370699629273,Clear,0,2987889
105.0,21,0.017938477187802466,Clear,0,2987890
296.95,3,0.02178015091592748,Clear,1,2987891
117.0,0,0.017549898380013706,Clear,0,2987892
481.7,21,0.028751252777482604,Clear,0,2987893
29.203,15,0.07259111892562778,Clear,0,2987894
42.596,4,0.9808373945052611,Critical Risk,1,2987895
209.95,2,0.38745697023307424,Clear,0,2987896
117.0,4,0.015963623590323807,Clear,0,2987897
171.0,23,0.10775377133463886,Clear,0,2987898
146.0,15,0.14686280081192413,Clear,0,2987899
67.95,23,0.009000359840202641,Clear,0,2987900
117.0,18,0.017716552258709637,Clear,0,2987901
41.95,0,0.004721382969144968,Clear,0,2987902
107.95,20,0.053193030317692395,Clear,0,2987903
156.0,14,0.012161918226877825,Clear,0,2987904
1000.0,2,0.011499432898298868,Clear,0,2987905
54.47,16,0.008407021356930068,Clear,0,2987906
59.0,16,0.007334480523840308,Clear,0,2987907
58.95,20,0.0034500363864185847,Clear,0,2987908
77.0,17,0.008016754146169917,Clear,0,2987909
58.971,15,0.28202923344213254,Clear,0,2987910
159.95,17,0.004871366185902405,Clear,0,2987911
414.95,21,0.014269830186354518,Clear,0,2987912
26.585,22,0.5413018718347749,Suspicious,1,2987913
52.0,22,0.005371074615454428,Clear,0,2987914
159.95,4,0.01932443335513955,Clear,0,2987915
47.95,15,0.00504430843440887,Clear,0,2987916
117.0,16,0.05086814412688818,Clear,0,2987917
226.0,23,0.015114053876390993,Clear,0,2987918
370.17,0,0.01545485841360153,Clear,0,2987919
12.05,20,0.03450189139743929,Clear,0,2987920
209.95,12,0.005431177349385951,Clear,0,2987921
57.95,17,0.0033073906669088917,Clear,0,2987922
50.0,3,0.3521586345408345,Clear,1,2987923
75.0,15,0.023390896407082442,Clear,0,2987924
49.0,1,0.06517341651098604,Clear,0,2987925
117.0,23,0.013923016067639965,Clear,0,2987926
171.0,20,0.10738809616459527,Clear,1,2987927
50.0,12,0.020056257093361327,Clear,0,2987928
422.5,16,0.46458358264555194,Suspicious,0,2987929
51.0,2,0.011940029275115813,Clear,0,2987930
264.95,18,0.013781356691925956,Clear,0,2987931
59.0,17,0.020806570457385078,Clear,0,2987932
35.95,17,0.05869785031336516,Clear,0,2987933
200.0,23,0.016852029341554185,Clear,0,2987934
25.95,1,0.007727747782611031,Clear,0,2987935
59.0,21,0.008606128365055919,Clear,0,2987936
49.0,11,0.03494905381255921,Clear,0,2987937
512.47,1,0.011829277255174572,Clear,0,2987938
100.0,18,0.01589795269365459,Clear,0,2987939
25.95,13,0.004818052509241459,Clear,0,2987940
103.95,19,0.004625830683098742,Clear,0,2987941
117.0,15,0.05058641483448553,Clear,0,2987942
160.95,21,0.006444858759277376,Clear,0,2987943
26.95,20,0.003281878477734199,Clear,0,2987944
51.071,21,0.009016605785798089,Clear,0,2987945
31.948,16,0.054846254841278703,Clear,0,2987946
554.0,15,0.035397705096337675,Clear,0,2987947
59.0,18,0.006154371417417823,Clear,0,2987948
117.0,5,0.009205849450486059,Clear,0,2987949
39.0,1,0.05549336666694739,Clear,0,2987950
50.0,0,0.010602684753706501,Clear,0,2987951
400.0,1,0.019785687014070467,Clear,0,2987952
15.0,0,0.04833901748147157,Clear,0,2987953
68.95,0,0.017266524889498664,Clear,0,2987954
75.0,15,0.023798335619144243,Clear,0,2987955
105.0,12,0.019727433035069908,Clear,0,2987956
200.0,20,0.02673397631527,Clear,0,2987957
117.0,1,0.04637693247758482,Clear,0,2987958
40.0,23,0.012589534329829599,Clear,0,2987959
117.0,20,0.03756296126187157,Clear,0,2987960
408.72,17,0.009690643709463695,Clear,0,2987961
31.97,0,0.010276125325622183,Clear,0,2987962
97.0,18,0.007607897881857927,Clear,0,2987963
117.0,19,0.006158734060112025,Clear,0,2987964
49.0,14,0.40984113800807526,Suspicious,1,2987965
100.0,15,0.02319369877662731,Clear,0,2987966
49.0,18,0.060105493361025504,Clear,0,2987967
67.95,14,0.015882256980141743,Clear,0,2987968
125.0,3,0.01448425631327344,Clear,0,2987969
50.0,0,0.0033837147118038076,Clear,0,2987970
424.95,18,0.0028424020642044755,Clear,0,2987971
80.0,20,0.026983537563372104,Clear,0,2987972
87.99,15,0.021408282675137044,Clear,0,2987973
82.95,15,0.004155147910368125,Clear,0,2987974
30.452,16,0.5891381410094096,Suspicious,0,2987975
50.0,18,0.012849524156405256,Clear,0,2987976
1264.95,21,0.010274093578013049,Clear,0,2987977
87.0,2,0.0399490413902609,Clear,0,2987978
62.95,18,0.015984075448814406,Clear,0,2987979
54.5,20,0.01241007289232736,Clear,0,2987980
100.0,1,0.009855772700018512,Clear,0,2987981
44.47,20,0.01323637251264328,Clear,0,2987982
129.95,17,0.026259949748672014,Clear,0,2987983
335.0,15,0.027994803178414213,Clear,0,2987984
59.0,4,0.012838996737662346,Clear,0,2987985
29.0,17,0.008154118280249818,Clear,0,2987986
335.0,18,0.3414964488529074,Clear,0,2987987
15.347,18,0.007659678066128876,Clear,0,2987988
29.0,1,0.02366159867602867,Clear,0,2987989
35.95,14,0.0031864986266553173,Clear,0,2987990
150.0,20,0.019876163595842447,Clear,0,2987991
25.0,20,0.01478113079098854,Clear,0,2987992
117.0,14,0.058215792322430585,Clear,0,2987993
47.95,3,0.0056950788491451215,Clear,0,2987994
105.0,17,0.0061111776281835735,Clear,0,2987995
40.0,1,0.003604300648907473,Clear,0,2987996
60.0,22,0.01069847028467417,Clear,0,2987997
107.95,15,0.007655756228639911,Clear,0,2987998
117.0,19,0.01860795036611873,Clear,0,2987999
107.95,21,0.014189782179291715,Clear,0,2988000
117.0,19,0.02185297717390621,Clear,0,2988001
25.95,15,0.004613950438924211,Clear,0,2988002
67.95,11,0.011841332438181728,Clear,0,2988003
226.0,23,0.04054041005805628,Clear,0,2988004
75.0,23,0.01675631180924296,Clear,0,2988005
335.0,16,0.033892768399837694,Clear,0,2988006
50.0,22,0.01766909656990287,Clear,0,2988007
47.95,14,0.00339166931821653,Clear,0,2988008
107.95,20,0.0051774892992205316,Clear,0,2988009
36.5,23,0.017148289957921777,Clear,0,2988010
44.0,13,0.01995693372721631,Clear,0,2988011
226.0,16,0.01264118989355289,Clear,0,2988012
27.975,6,0.06047311746287887,Clear,0,2988013
664.0,3,0.038073000132924244,Clear,0,2988014
44.5,17,0.010508714743174285,Clear,0,2988015
117.0,20,0.015136658665512413,Clear,0,2988016
8.0,21,0.019237025063401712,Clear,0,2988017
117.0,20,0.029214337484983834,Clear,0,2988018
64.287,20,0.01614067860324129,Clear,0,2988019
209.95,19,0.0036092085408751745,Clear,0,2988020
107.95,4,0.003466424034891604,Clear,0,2988021
53.97,22,0.004095187228524028,Clear,0,2988022
117.0,20,0.01388471112896642,Clear,0,2988023
30.0,23,0.00672556670823668,Clear,0,2988024
15.37,4,0.04868534282340917,Clear,0,2988025
100.0,15,0.007911404288389498,Clear,0,2988026
149.47,23,0.007529291135266736,Clear,0,2988027
160.95,18,0.0038170869440540974,Clear,0,2988028
159.95,18,0.005179514295374853,Clear,0,2988029
58.95,17,0.005145536797597344,Clear,0,2988030
25.678,7,0.17428531113079992,Clear,0,2988031
200.0,23,0.017109445732061367,Clear,0,2988032
39.0,16,0.01595340622769414,Clear,0,2988033
19.153,19,0.036718177589414654,Clear,0,2988034
35.938,15,0.012647090257268139,Clear,0,2988035
744.95,16,0.009545331433731336,Clear,0,2988036
226.0,17,0.03558641472380149,Clear,0,2988037
107.95,22,0.011216059734898717,Clear,0,2988038
200.0,16,0.008011858512185567,Clear,0,2988039
57.95,13,0.010585943646096422,Clear,0,2988040
150.0,22,0.023346893047752764,Clear,0,2988041
335.0,19,0.02390332330684535,Clear,0,2988042
209.95,19,0.014103553157312345,Clear,0,2988043
100.0,17,0.1693025289359827,Clear,0,2988044
117.0,19,0.015144456833617608,Clear,0,2988045
100.0,1,0.016099912830641567,Clear,0,2988046
44.0,17,0.00856345647236854,Clear,0,2988047
39.0,4,0.07635497242085741,Clear,0,2988048
390.0,11,0.11933575115919834,Clear,0,2988049
150.0,22,0.010367530112981665,Clear,0,2988050
1027.95,21,0.010111048482160982,Clear,0,2988051
200.0,16,0.011953897010534719,Clear,0,2988052
68.5,22,0.007507175679109202,Clear,0,2988053
200.0,6,0.012317730291219624,Clear,0,2988054
226.0,14,0.10679878578694157,Clear,0,2988055
150.0,20,0.01584330838555958,Clear,0,2988056
57.95,21,0.004647771029796176,Clear,0,2988057
30.95,0,0.003132767908986826,Clear,0,2988058
59.0,17,0.016867840769911237,Clear,0,2988059
40.0,5,0.005225638239909742,Clear,0,2988060
250.0,4,0.015090134592858042,Clear,0,2988061
42.0,23,0.05697166669472912,Clear,0,2988062
35.0,22,0.008169211306884746,Clear,0,2988063
136.422,19,0.9557323997047471,Critical Risk,1,2988064
184.95,20,0.03398044493293253,Clear,0,2988065
51.0,0,0.011252137020116303,Clear,0,2988066
161.0,16,0.16602601007123793,Clear,0,2988067
344.95,21,0.008229471614322947,Clear,0,2988068
280.0,14,0.13585689070099446,Clear,0,2988069
100.0,12,0.013260299380779467,Clear,0,2988070
14.017,1,0.044789619637352215,Clear,0,2988071
177.0,13,0.011115820061835122,Clear,0,2988072
11.0,20,0.004226646714080151,Clear,0,2988073
310.105,20,0.02222009392209733,Clear,0,2988074
400.0,18,0.035405045153338095,Clear,0,2988075
108.95,5,0.004813557928624139,Clear,0,2988076
100.95,19,0.03488000944652343,Clear,0,2988077
87.0,5,0.07812509193292383,Clear,0,2988078
117.0,17,0.00874546345222574,Clear,0,2988079
440.0,23,0.05081196619334961,Clear,0,2988080
19.589,23,0.1815039131385435,Clear,0,2988081
35.95,17,0.005469762044840739,Clear,0,2988082
141.0,20,0.06190707884065563,Clear,0,2988083
103.95,0,0.003848389008503084,Clear,0,2988084
107.95,1,0.0049878112214558545,Clear,0,2988085
89.0,16,0.011125429410209412,Clear,0,2988086
369.95,23,0.004915689696015882,Clear,0,2988087
9.97,0,0.037065914714424046,Clear,0,2988088
30.0,18,0.008629611718145073,Clear,0,2988089
108.5,15,0.02269022488777035,Clear,0,2988090
35.95,23,0.006993602223076116,Clear,0,2988091
59.0,18,0.007821872836521722,Clear,0,2988092
35.95,4,0.007383796065180345,Clear,0,2988093
414.95,6,0.015988824314239314,Clear,0,2988094
30.433,16,0.018969898954910858,Clear,0,2988095
50.0,16,0.042621066224357664,Clear,0,2988096
42.95,14,0.02848363533770528,Clear,0,2988097
57.95,23,0.024835575647664285,Clear,0,2988098
25.0,17,0.006928229954634075,Clear,0,2988099
58.004,14,0.01100180908014984,Clear,0,2988100
99.11,2,0.04232269673937858,Clear,1,2988101
276.0,17,0.023678734891851693,Clear,0,2988102
108.95,18,0.009598576029737734,Clear,0,2988103
25.95,17,0.003497679307130336,Clear,0,2988104
47.954,17,0.2738445589227206,Clear,1,2988105
554.0,16,0.03677061132134822,Clear,0,2988106
4.181,20,0.09931782912927248,Clear,0,2988107
117.0,19,0.007206145099679491,Clear,0,2988108
58.836,19,0.32660723696039223,Clear,0,2988109
45.0,1,0.034163258714061236,Clear,0,2988110
107.95,13,0.0050058001763370165,Clear,0,2988111
100.0,16,0.03068197603839434,Clear,0,2988112
29.5,19,0.0509361293683761,Clear,0,2988113
9.546,19,0.010321358319352526,Clear,0,2988114
1109.95,19,0.014350442090840573,Clear,0,2988115
117.0,19,0.0281658855604821,Clear,0,2988116
47.95,18,0.0032480610485349877,Clear,0,2988117
236.95,15,0.011952308811613178,Clear,0,2988118
29.0,23,0.010021506588563416,Clear,0,2988119
108.95,18,0.007305946049213385,Clear,0,2988120
226.0,4,0.008456592991943169,Clear,0,2988121
265.0,5,0.03976243627191296,Clear,0,2988122
108.95,22,0.0072788447301294,Clear,0,2988123
422.5,20,0.21445784438218238,Clear,0,2988124
50.0,17,0.008518212861579999,Clear,0,2988125
25.95,12,0.006432329643557411,Clear,0,2988126
150.0,15,0.022729453811112407,Clear,0,2988127
129.24,3,0.00755967169765118,Clear,0,2988128
59.0,17,0.007326547122814883,Clear,0,2988129
67.95,20,0.056904885345511705,Clear,0,2988130
150.0,16,0.018405730932351334,Clear,0,2988131
54.0,19,0.033677173424349935,Clear,0,2988132
100.0,4,0.6134488062243861,Suspicious,1,2988133
20.0,12,0.01049448425884663,Clear,0,2988134
24.0,22,0.01727441753173247,Clear,0,2988135
95.464,0,0.2446642827156592,Clear,0,2988136
57.95,16,0.011289561017339165,Clear,0,2988137
57.95,14,0.004732746989305104,Clear,0,2988138
29.243,21,0.022599807277230422,Clear,0,2988139
226.0,14,0.018043026724430103,Clear,0,2988140
16.95,18,0.0051999154342974915,Clear,0,2988141
81.154,14,0.11546648115494543,Clear,0,2988142
57.95,23,0.006375806362158931,Clear,0,2988143
59.0,18,0.01334147665680621,Clear,0,2988144
47.95,20,0.0040363065580984,Clear,0,2988145
35.95,2,0.004367025434089379,Clear,0,2988146
160.5,1,0.018800267323650473,Clear,0,2988147
30.95,0,0.009995837501439602,Clear,0,2988148
218.0,17,0.09341839042117454,Clear,0,2988149
994.0,15,0.0967950440986118,Clear,0,2988150
59.0,17,0.041662760620380164,Clear,0,2988151
115.434,2,0.35311436156708503,Clear,0,2988152
77.0,20,0.1200764598430669,Clear,0,2988153
226.0,13,0.04658213804938295,Clear,0,2988154
117.0,21,0.014846566078436277,Clear,0,2988155
107.95,22,0.004229323438135274,Clear,0,2988156
239.95,23,0.02134908957308235,Clear,0,2988157
312.95,20,0.010429846071831657,Clear,0,2988158
50.0,11,0.011672568005161737,Clear,0,2988159
59.0,13,0.01013908425497429,Clear,0,2988160
75.0,23,0.030647986835591216,Clear,0,2988161
141.0,20,0.005543863937074725,Clear,0,2988162
107.95,16,0.007578767834909116,Clear,0,2988163
97.95,2,0.012354184045011287,Clear,0,2988164
39.0,16,0.0047355467407117725,Clear,0,2988165
40.0,23,0.007001802857035787,Clear,0,2988166
335.0,19,0.4868138306299534,Suspicious,1,2988167
250.0,15,0.012973639552087501,Clear,0,2988168
19.95,15,0.004730772063738495,Clear,0,2988169
42.559,2,0.011642819544369206,Clear,0,2988170
139.95,17,0.005728054886736592,Clear,0,2988171
25.0,21,0.0371132868737714,Clear,0,2988172
30.0,11,0.02294294296989728,Clear,0,2988173
209.95,17,0.00664790628966461,Clear,0,2988174
108.95,1,0.04486826068195096,Clear,0,2988175
77.95,19,0.010973107483895378,Clear,0,2988176
39.0,18,0.012192379917085588,Clear,0,2988177
618.21,1,0.025969444255466274,Clear,0,2988178
117.0,5,0.030297085331122183,Clear,0,2988179
47.95,14,0.005867652947330975,Clear,0,2988180
88.5,18,0.020218325543413948,Clear,0,2988181
25.95,15,0.010228171013694302,Clear,0,2988182
39.0,21,0.02647932985087844,Clear,0,2988183
107.95,16,0.005178052149408221,Clear,0,2988184
171.0,19,0.01774123323918068,Clear,0,2988185
59.0,21,0.029731952715322665,Clear,0,2988186
22.235,11,0.023702774834533872,Clear,0,2988187
112.0,5,0.26784807767393404,Clear,0,2988188
92.0,23,0.037793323181944456,Clear,0,2988189
117.0,16,0.021603590105759043,Clear,0,2988190
30.95,20,0.0031240421456574705,Clear,0,2988191
150.0,17,0.021412692041151267,Clear,0,2988192
49.0,2,0.01981421167661641,Clear,0,2988193
77.0,21,0.015441300494094624,Clear,0,2988194
50.0,4,0.13150151080786737,Clear,0,2988195
57.95,3,0.006461828956981934,Clear,0,2988196
226.0,22,0.053275287709197504,Clear,0,2988197
51.158,19,0.1421495223202087,Clear,0,2988198
171.0,19,0.019779059145453654,Clear,0,2988199
17.038,4,0.05763981893025396,Clear,0,2988200
422.5,13,0.008818275550108669,Clear,0,2988201
58.366,5,0.9492527747386034,Critical Risk,1,2988202
214.0,5,0.003724401982902206,Clear,0,2988203
75.0,19,0.03531568317427542,Clear,0,2988204
25.0,4,0.011028028853841784,Clear,0,2988205
59.0,4,0.01127438717288981,Clear,0,2988206
49.0,14,0.006614042143163591,Clear,0,2988207
107.0,7,0.02503708787251186,Clear,0,2988208
49.0,21,0.01675371751558042,Clear,0,2988209
445.0,16,0.013906569687020894,Clear,0,2988210
14.458,19,0.09422108337599185,Clear,0,2988211
944.0,19,0.02225663409152436,Clear,0,2988212
65.0,8,0.019097023891739298,Clear,0,2988213
29.0,22,0.02205140715154796,Clear,0,2988214
150.0,17,0.012831092911104704,Clear,0,2988215
30.95,2,0.005966200048269933,Clear,0,2988216
25.014,3,0.06439640806000656,Clear,0,2988217
150.0,22,0.02081982338729824,Clear,0,2988218
39.0,21,0.007261713222916584,Clear,0,2988219
35.95,23,0.006875302916434984,Clear,0,2988220
226.0,20,0.026700119344151722,Clear,0,2988221
158.5,19,0.01883165926628222,Clear,0,2988222
63.664,16,0.11797574593524214,Clear,0,2988223
789.99,12,0.011417974628198437,Clear,0,2988224
59.0,20,0.02960023015685446,Clear,0,2988225
32.007,21,0.05451317074639943,Clear,0,2988226
75.0,7,0.012240664504755193,Clear,0,2988227
28.95,18,0.004985373745646405,Clear,0,2988228
117.0,15,0.014043172638239046,Clear,0,2988229
150.0,19,0.012665845551558228,Clear,0,2988230
27.97,3,0.006241702839304698,Clear,0,2988231
29.0,2,0.055845849902558004,Clear,0,2988232
126.95,17,0.01716486033131065,Clear,0,2988233
209.95,15,0.004327642407890274,Clear,0,2988234
100.0,22,0.011709882685139096,Clear,0,2988235
52.95,18,0.005285404618944202,Clear,0,2988236
50.0,21,0.008397345218833417,Clear,0,2988237
64.8,13,0.33149417650547003,Clear,1,2988238
49.0,17,0.016037673925769474,Clear,0,2988239
209.95,12,0.00963773165282331,Clear,0,2988240
44.95,16,0.0038502377393211597,Clear,0,2988241
107.95,19,0.006590812145803941,Clear,0,2988242
49.0,18,0.019916775695548738,Clear,0,2988243
58.95,20,0.005317785847959761,Clear,0,2988244
100.0,16,0.08801947576974856,Clear,0,2988245
226.0,0,0.060607242863994784,Clear,0,2988246
29.0,22,0.015933734380376922,Clear,0,2988247
23.443,22,0.08596045500036001,Clear,0,2988248
59.0,10,0.014416376730640274,Clear,0,2988249
29.54,18,0.04038226730250086,Clear,0,2988250
117.0,23,0.013617763899924926,Clear,0,2988251
117.0,18,0.018531305104248653,Clear,0,2988252
28.397,18,0.43684710754278333,Suspicious,0,2988253
117.0,16,0.019918308934116835,Clear,0,2988254
82.95,17,0.007908534138623458,Clear,0,2988255
49.0,0,0.012040618946236458,Clear,0,2988256
77.0,21,0.4195676974015952,Suspicious,0,2988257
213.0,22,0.09363415748589915,Clear,0,2988258
54.5,1,0.007419407111927921,Clear,0,2988259
67.95,21,0.0032946961043136777,Clear,0,2988260
25.0,12,0.02635123454539125,Clear,0,2988261
107.95,16,0.008438722922413855,Clear,0,2988262
80.0,16,0.06261402586093236,Clear,0,2988263
34.0,15,0.01751622904320425,Clear,0,2988264
57.95,15,0.003627754017025673,Clear,0,2988265
134.95,3,0.008324244039807416,Clear,0,2988266
97.0,23,0.008273707634386075,Clear,0,2988267
103.97,22,0.009332204882946326,Clear,0,2988268
93.513,3,0.011562780984979698,Clear,0,2988269
445.0,13,0.026074710888435205,Clear,0,2988270
49.0,18,0.013108564892612721,Clear,0,2988271
213.0,16,0.03367826069629996,Clear,0,2988272
218.0,20,0.11006991489091784,Clear,0,2988273
59.0,14,0.01794409869312869,Clear,0,2988274
159.95,13,0.005197246803346374,Clear,0,2988275
113.0,16,0.006078535574501257,Clear,0,2988276
200.0,16,0.4423330375211499,Suspicious,0,2988277
55.0,19,0.004774238490816103,Clear,0,2988278
97.0,2,0.04976069365946445,Clear,0,2988279
107.95,16,0.006471713375210241,Clear,0,2988280
77.0,15,0.008973878353066908,Clear,0,2988281
10.392,18,0.08930670634052451,Clear,0,2988282
107.95,15,0.013305257857015326,Clear,0,2988283
149.95,0,0.005944381639512832,Clear,0,2988284
34.0,22,0.011413999724842878,Clear,0,2988285
160.95,23,0.060006856357639624,Clear,0,2988286
114.254,20,0.18509343012414922,Clear,0,2988287
107.95,18,0.004063066315099582,Clear,0,2988288
82.0,19,0.018305997528333444,Clear,0,2988289
474.95,17,0.008071175533542812,Clear,0,2988290
58.95,18,0.004182561241658479,Clear,0,2988291
34.183,16,0.07032852574629553,Clear,0,2988292
105.95,20,0.0024418697732264223,Clear,0,2988293
19.032,3,0.011127844467215757,Clear,0,2988294
30.0,23,0.9760215757361547,Critical Risk,1,2988295
58.95,22,0.008969359725610134,Clear,0,2988296
102.0,22,0.04656559156913622,Clear,0,2988297
57.95,20,0.0035134772699142295,Clear,0,2988298
117.0,17,0.010723795495787303,Clear,0,2988299
117.0,21,0.03127200361514257,Clear,0,2988300
49.0,11,0.016179401849987625,Clear,0,2988301
159.95,14,0.003935140694882044,Clear,0,2988302
100.0,16,0.008837276891076879,Clear,0,2988303
226.0,4,0.023858958736252267,Clear,0,2988304
29.0,21,0.0058484709184741445,Clear,0,2988305
6.344,12,0.09875806918262912,Clear,0,2988306
159.95,4,0.006476033890342336,Clear,0,2988307
554.0,23,0.015441942272271457,Clear,0,2988308
654.95,23,0.022348334337668807,Clear,0,2988309
57.95,10,0.015397833925813505,Clear,0,2988310
50.0,18,0.006734167003101841,Clear,0,2988311
171.0,16,0.010398061969271934,Clear,0,2988312
39.0,19,0.007891507186795566,Clear,0,2988313
59.937,3,0.03491354696087284,Clear,0,2988314
39.0,23,0.01240158014329391,Clear,0,2988315
24.0,15,0.180170790093989,Clear,0,2988316
100.0,20,0.008274974328921932,Clear,0,2988317
30.814,2,0.011952406914334086,Clear,0,2988318
221.99,20,0.03147675688843349,Clear,0,2988319
28.76,4,0.02624300156222904,Clear,0,2988320
45.0,22,0.010148432146640343,Clear,0,2988321
52.95,12,0.007898323434699485,Clear,0,2988322
202.95,20,0.0070245774184351205,Clear,0,2988323
117.0,20,0.01764361673857919,Clear,0,2988324
100.0,17,0.009226605058834334,Clear,0,2988325
59.95,0,0.007302802884064241,Clear,0,2988326
30.0,3,0.014112389095607083,Clear,0,2988327
82.0,19,0.01577771477330782,Clear,0,2988328
47.95,11,0.004652361793526668,Clear,0,2988329
500.0,16,0.02088782025852937,Clear,0,2988330
305.0,17,0.03772766906056701,Clear,0,2988331
150.0,17,0.9713195604445319,Critical Risk,1,2988332
210.95,13,0.006184012721219047,Clear,0,2988333
35.0,3,0.01794146075866613,Clear,0,2988334
100.0,16,0.003745546356113857,Clear,0,2988335
49.0,20,0.007825705283971474,Clear,0,2988336
67.95,1,0.005466678087730212,Clear,0,2988337
67.95,14,0.00517283724685478,Clear,0,2988338
117.0,21,0.014872172008436784,Clear,0,2988339
60.0,5,0.017078228252651,Clear,0,2988340
150.0,2,0.03559750742194038,Clear,0,2988341
57.95,14,0.008047375434026652,Clear,0,2988342
171.0,21,0.02242518663359632,Clear,0,2988343
158.0,16,0.056708303390262026,Clear,0,2988344
25.0,0,0.02173591554221915,Clear,0,2988345
47.95,0,0.004448505824643429,Clear,0,2988346
49.0,1,0.0069583913087351,Clear,0,2988347
54.0,3,0.014400782294394699,Clear,0,2988348
59.0,1,0.011682015377530379,Clear,0,2988349
50.0,16,0.24388563593260998,Clear,0,2988350
57.95,1,0.003593586299354493,Clear,0,2988351
34.5,21,0.01436256667920158,Clear,0,2988352
47.95,23,0.00441099243973073,Clear,0,2988353
59.0,16,0.007035541497428453,Clear,0,2988354
117.0,13,0.024413127233502523,Clear,0,2988355
108.95,21,0.015036865031118292,Clear,0,2988356
83.5,18,0.039390118001565534,Clear,0,2988357
311.95,12,0.01677248443449956,Clear,0,2988358
49.0,18,0.012136870581394845,Clear,0,2988359
107.95,22,0.006029723257673768,Clear,0,2988360
271.95,14,0.006097149229384809,Clear,0,2988361
171.0,1,0.06974262923898235,Clear,0,2988362
226.0,20,0.05646485707024934,Clear,0,2988363
100.0,3,0.015474728634926105,Clear,0,2988364
6.35,4,0.19662714325893385,Clear,0,2988365
44.529,1,0.05789210716088177,Clear,0,2988366
59.0,18,0.028771905215073057,Clear,0,2988367
160.5,19,0.01563338839817787,Clear,0,2988368
22.295,1,0.10130355870724314,Clear,0,2988369
113.95,2,0.1319824002406457,Clear,0,2988370
19.214,2,0.06373980018482903,Clear,0,2988371
107.95,13,0.009541817347861513,Clear,0,2988372
87.0,23,0.13609903096391796,Clear,0,2988373
59.0,22,0.0163306919366256,Clear,0,2988374
57.95,13,0.004242843653455481,Clear,0,2988375
59.0,20,0.02274381585230755,Clear,0,2988376
50.0,16,0.012453155422648557,Clear,0,2988377
57.95,13,0.007886973430545811,Clear,0,2988378
67.95,2,0.007598785130892128,Clear,0,2988379
661.95,15,0.011709462980989562,Clear,0,2988380
29.0,19,0.013759710540719457,Clear,0,2988381
40.0,12,0.39298090670025937,Clear,1,2988382
7.808,2,0.03933390607728203,Clear,0,2988383
226.0,22,0.01527750187904932,Clear,0,2988384
25.0,23,0.012532355737110977,Clear,0,2988385
100.0,8,0.02726491213945274,Clear,0,2988386
35.95,6,0.003559915492093644,Clear,0,2988387
39.962,17,0.9419754930418103,Critical Risk,0,2988388
39.0,1,0.011108738883820671,Clear,0,2988389
87.95,14,0.03771377658129436,Clear,0,2988390
59.0,22,0.007148573687705666,Clear,0,2988391
25.0,0,0.011306106849102349,Clear,0,2988392
130.95,19,0.00916397431305839,Clear,0,2988393
724.0,22,0.14707210049161087,Clear,0,2988394
150.0,23,0.029716424068487134,Clear,0,2988395
30.95,16,0.002661783767535015,Clear,0,2988396
107.95,18,0.007145483694754132,Clear,0,2988397
200.0,21,0.017110838014275185,Clear,0,2988398
554.0,17,0.024813965040807393,Clear,0,2988399
49.0,0,0.015751064728539127,Clear,0,2988400
10.698,2,0.012894333193955896,Clear,0,2988401
39.95,2,0.004606837207141917,Clear,0,2988402
57.95,3,0.004992754819718584,Clear,0,2988403
100.0,21,0.19966912052924207,Clear,1,2988404
34.0,2,0.016404668469005755,Clear,0,2988405
59.0,21,0.013354942469552308,Clear,1,2988406
25.945,19,0.9772464144707961,Critical Risk,1,2988407
418.0,0,0.5884248588270592,Suspicious,1,2988408
107.95,13,0.020315468366453215,Clear,0,2988409
25.0,20,0.5002582477372364,Suspicious,1,2988410
80.0,17,0.004132749164420651,Clear,0,2988411
47.95,23,0.004790098718241987,Clear,0,2988412
59.0,15,0.004701943462736845,Clear,0,2988413
19.455,6,0.01779779154474498,Clear,0,2988414
49.555,4,0.03468432954789189,Clear,0,2988415
49.0,14,0.011277614789724916,Clear,0,2988416
58.95,17,0.015533910712015918,Clear,0,2988417
49.0,23,0.009108659877469302,Clear,0,2988418
280.0,15,0.026842796258681734,Clear,0,2988419
1560.93,21,0.024929751701834313,Clear,0,2988420
63.97,1,0.007425528789729188,Clear,0,2988421
93.0,0,0.01376691573863119,Clear,0,2988422
1000.0,15,0.9869635414867081,Critical Risk,1,2988423
168.5,23,0.008854728258038345,Clear,0,2988424
87.0,19,0.07705136235315392,Clear,0,2988425
57.95,16,0.003364329895422897,Clear,0,2988426
335.0,1,0.014776004150545034,Clear,0,2988427
13.534,22,0.0502581003559418,Clear,0,2988428
85.0,17,0.13094449113693754,Clear,0,2988429
77.0,12,0.015789009999040295,Clear,0,2988430
54.0,18,0.024220721850664952,Clear,1,2988431
13.95,0,0.004913090651983381,Clear,0,2988432
40.119,16,0.2889819490719331,Clear,0,2988433
200.0,15,0.014922044158446245,Clear,0,2988434
159.0,3,0.01010177985884958,Clear,0,2988435
117.0,13,0.007230761306271886,Clear,0,2988436
25.95,0,0.007497546676839147,Clear,0,2988437
104.0,7,0.020632152785422415,Clear,0,2988438
108.95,21,0.0048964279427792905,Clear,0,2988439
405.0,21,0.009732320274434929,Clear,0,2988440
1159.08,15,0.009334839633069343,Clear,0,2988441
161.0,17,0.019939432508673072,Clear,0,2988442
554.0,15,0.048474752397690064,Clear,0,2988443
35.95,11,0.0053624725612790025,Clear,0,2988444
176.999,6,0.018031832814054394,Clear,0,2988445
34.0,14,0.007105672211671115,Clear,0,2988446
132.458,21,0.02325465688178147,Clear,0,2988447
31.0,19,0.012471802198419348,Clear,0,2988448
49.0,23,0.008422911418379482,Clear,0,2988449
19.395,23,0.010389701425499021,Clear,0,2988450
200.0,15,0.020072600726502975,Clear,0,2988451
25.0,15,0.009148799381413747,Clear,0,2988452
131.0,14,0.026209314202015093,Clear,0,2988453
92.0,21,0.009091318517852316,Clear,0,2988454
323.0,16,0.015565251727628985,Clear,0,2988455
411.95,18,0.006947170105878749,Clear,0,2988456
159.95,3,0.005358441643448612,Clear,0,2988457
150.0,14,0.040935143332993695,Clear,0,2988458
209.95,0,0.01177987287132364,Clear,0,2988459
24.346,1,0.009767159710869297,Clear,0,2988460
226.0,21,0.007090436022872643,Clear,0,2988461
102.0,21,0.0499761275745995,Clear,0,2988462
375.0,2,0.18649486291094355,Clear,1,2988463
117.0,23,0.037673030172151775,Clear,0,2988464
97.95,12,0.00855847231972758,Clear,0,2988465
53.95,23,0.007132796352125422,Clear,0,2988466
14.325,22,0.7725128949577709,Critical Risk,1,2988467
226.0,1,0.014794816030543759,Clear,0,2988468
117.0,23,0.0171936559503731,Clear,0,2988469
201.0,17,0.01313229168630372,Clear,0,2988470
335.0,19,0.005359274401176705,Clear,0,2988471
20.903,20,0.7621085139066696,Critical Risk,1,2988472
50.0,16,0.014855306824035717,Clear,0,2988473
50.0,18,0.008990985410974707,Clear,0,2988474
107.95,1,0.011683345348802275,Clear,0,2988475
59.0,14,0.05376834384906335,Clear,0,2988476
45.194,16,0.05826235647308907,Clear,0,2988477
134.0,20,0.020550053969622263,Clear,0,2988478
30.0,12,0.021793706026264764,Clear,0,2988479
16.615,0,0.6326277981758756,Suspicious,0,2988480
218.0,13,0.018403459461113877,Clear,0,2988481
57.95,1,0.0038449353328532145,Clear,0,2988482
107.95,12,0.048132833831286526,Clear,0,2988483
25.95,5,0.002709558717576589,Clear,0,2988484
25.0,13,0.03342835446730881,Clear,0,2988485
92.0,1,0.015689142807651685,Clear,0,2988486
106.0,0,0.004397972129289333,Clear,0,2988487
107.95,17,0.006133072899738428,Clear,0,2988488
49.0,4,0.007678734520074593,Clear,0,2988489
400.0,13,0.09340703827055044,Clear,0,2988490
409.0,0,0.043061084733795184,Clear,0,2988491
29.0,20,0.009361556938041209,Clear,0,2988492
29.0,23,0.026148854084610904,Clear,0,2988493
59.0,16,0.008639028545682315,Clear,0,2988494
300.0,18,0.012190479424028835,Clear,0,2988495
59.0,23,0.03495109568256932,Clear,0,2988496
55.817,22,0.031217661483035095,Clear,0,2988497
59.0,21,0.013911146818311635,Clear,0,2988498
208.95,22,0.005859382472791076,Clear,0,2988499
250.0,13,0.025483538836313328,Clear,0,2988500
47.95,16,0.036754722535137535,Clear,0,2988501
115.0,18,0.02875665314507047,Clear,0,2988502
117.0,21,0.029438804655510263,Clear,0,2988503
39.0,22,0.011057366998685408,Clear,0,2988504
59.0,0,0.01351469348351526,Clear,0,2988505
57.95,22,0.003811346230270338,Clear,0,2988506
13.172,15,0.03745635594093623,Clear,0,2988507
100.0,2,0.041785625773193606,Clear,0,2988508
107.95,22,0.013921980393009261,Clear,0,2988509
1125.24,17,0.017219141013372064,Clear,0,2988510
72.758,2,0.035639928383864906,Clear,0,2988511
29.0,20,0.008487596980972284,Clear,0,2988512
40.0,13,0.008155794677742672,Clear,0,2988513
42.95,1,0.003980686252519533,Clear,0,2988514
107.95,14,0.01036560508839871,Clear,0,2988515
200.0,19,0.05850661733644384,Clear,0,2988516
9.909,22,0.029376868953913008,Clear,0,2988517
226.0,1,0.007624572131921454,Clear,0,2988518
52.95,20,0.006126422601946029,Clear,0,2988519
77.0,18,0.007405426649769447,Clear,0,2988520
151.0,13,0.09312965204178526,Clear,0,2988521
150.0,15,0.006231388736651176,Clear,0,2988522
150.0,22,0.47796554467185737,Suspicious,1,2988523
59.0,15,0.009911527540121888,Clear,0,2988524
78.571,1,0.15782648762819645,Clear,1,2988525
44.5,14,0.06574095118338665,Clear,0,2988526
57.95,22,0.008007080977473931,Clear,0,2988527
25.074,4,0.07448657480183399,Clear,0,2988528
24.603,22,0.010139060690569567,Clear,0,2988529
717.45,15,0.008570105244615548,Clear,0,2988530
50.0,19,0.026636738045250415,Clear,0,2988531
59.0,23,0.01016103137157598,Clear,0,2988532
226.0,17,0.016225338251638733,Clear,0,2988533
385.95,16,0.01747965891455162,Clear,0,2988534
92.0,23,0.012167752289867446,Clear,0,2988535
107.95,17,0.009122716303779475,Clear,0,2988536
59.0,22,0.01276040536344012,Clear,0,2988537
72.99,22,0.03495553400439747,Clear,0,2988538
46.174,4,0.2041557723795565,Clear,1,2988539
47.95,18,0.011362464267290286,Clear,0,2988540
141.0,17,0.07615294501126389,Clear,0,2988541
59.0,23,0.010745124361538834,Clear,0,2988542
29.5,23,0.008928985187968603,Clear,0,2988543
13.403,1,0.04830737096485661,Clear,0,2988544
18.95,19,0.012312378719890694,Clear,0,2988545
141.0,2,0.09307084544851836,Clear,0,2988546
59.0,13,0.009003237535109029,Clear,0,2988547
57.95,23,0.006084839433406464,Clear,0,2988548
107.95,14,0.007545213282003265,Clear,0,2988549
107.95,4,0.02643404645385223,Clear,0,2988550
21.921,7,0.01864149630608952,Clear,0,2988551
107.95,0,0.009690804690628723,Clear,0,2988552
994.0,19,0.045584954630249405,Clear,0,2988553
39.0,19,0.010767868436233924,Clear,0,2988554
50.0,23,0.018863101631519663,Clear,0,2988555
36.37,14,0.003414837267520074,Clear,0,2988556
87.95,20,0.007342291322648654,Clear,0,2988557
59.0,19,0.07601975208715853,Clear,0,2988558
47.95,2,0.004993598932691471,Clear,0,2988559
10.271,15,0.07533886872399917,Clear,0,2988560
100.0,12,0.022338141111906566,Clear,0,2988561
129.95,16,0.011059415398892125,Clear,0,2988562
108.95,0,0.008193086759021957,Clear,0,2988563
27.0,5,0.04182708162499692,Clear,0,2988564
57.95,13,0.008852800825195635,Clear,0,2988565
77.0,3,0.010853706086364956,Clear,0,2988566
92.0,0,0.05164950439070492,Clear,0,2988567
270.0,15,0.09761863750189748,Clear,0,2988568
200.0,18,0.01963816567991687,Clear,0,2988569
107.95,14,0.004913643889024216,Clear,0,2988570
53.97,21,0.008735291041634624,Clear,0,2988571
97.0,16,0.007496313615247328,Clear,0,2988572
493.95,20,0.02375718315053146,Clear,0,2988573
185.95,23,0.009833905149633032,Clear,0,2988574
77.0,22,0.01183795083262864,Clear,0,2988575
50.0,18,0.008372653130834292,Clear,0,2988576
22.912,21,0.01468849528870883,Clear,0,2988577
22.748,4,0.01901119238640339,Clear,0,2988578
29.0,20,0.030709708011100206,Clear,0,2988579
117.0,18,0.03390735980989386,Clear,1,2988580
13.059,1,0.22789594752124825,Clear,0,2988581
59.0,22,0.023349647798679603,Clear,0,2988582
106.0,14,0.004810706225088655,Clear,0,2988583
331.0,21,0.009725551199981138,Clear,0,2988584
50.0,18,0.009204533382675092,Clear,0,2988585
20.522,2,0.01752910058818899,Clear,0,2988586
88.95,20,0.012458848250816236,Clear,0,2988587
77.0,3,0.029950030806806378,Clear,0,2988588
87.95,2,0.03763653966351015,Clear,0,2988589
117.0,15,0.020211815325755462,Clear,0,2988590
171.0,1,0.01056214596087726,Clear,0,2988591
57.95,14,0.003909831818762099,Clear,0,2988592
117.0,22,0.010092834136858289,Clear,0,2988593
97.0,0,0.01819055896919625,Clear,0,2988594
47.0,14,0.006268799582332221,Clear,0,2988595
57.95,5,0.012054141023542294,Clear,0,2988596
92.0,12,0.016184430457548613,Clear,0,2988597
335.0,13,0.09252704230793374,Clear,1,2988598
24.0,21,0.010950232794027293,Clear,0,2988599
57.95,12,0.005483476839309949,Clear,0,2988600
39.0,21,0.0069643652446291695,Clear,0,2988601
1052.0,19,0.029938180618359046,Clear,0,2988602
107.95,13,0.017354308709105717,Clear,0,2988603
209.95,12,0.0037997962875405307,Clear,0,2988604
200.0,0,0.9634722104818584,Critical Risk,1,2988605
1768.85,15,0.015731312330302706,Clear,0,2988606
117.0,22,0.010887014607596392,Clear,0,2988607
35.95,16,0.0044766510170641,Clear,0,2988608
445.0,15,0.0639342949850861,Clear,0,2988609
61.798,0,0.010833131965622286,Clear,0,2988610
117.0,18,0.1760570044362494,Clear,0,2988611
56.674,3,0.025190099516809044,Clear,0,2988612
200.0,22,0.00935817617670043,Clear,0,2988613
50.0,21,0.019048033624959285,Clear,0,2988614
55.0,2,0.009637328891748446,Clear,0,2988615
20.0,17,0.01022799282235457,Clear,0,2988616
13.833,4,0.05919377394352078,Clear,0,2988617
33.291,18,0.13133969893842495,Clear,1,2988618
57.95,1,0.017158216061601374,Clear,0,2988619
107.95,14,0.007739389448094572,Clear,0,2988620
108.95,18,0.004750870936566468,Clear,0,2988621
58.95,19,0.0035310016955885544,Clear,0,2988622
200.0,17,0.04906108582136641,Clear,0,2988623
554.0,22,0.016509234982863025,Clear,0,2988624
57.95,3,0.007644547926476392,Clear,0,2988625
58.95,0,0.005779855152158254,Clear,0,2988626
67.95,20,0.004436876531653989,Clear,0,2988627
29.0,22,0.010499979491037264,Clear,0,2988628
75.0,17,0.006648617000563794,Clear,0,2988629
45.95,10,0.005334750609818553,Clear,0,2988630
108.95,23,0.007970244898041271,Clear,0,2988631
159.95,22,0.023606362140732653,Clear,0,2988632
15.0,22,0.0046715798895113686,Clear,0,2988633
40.0,19,0.009284411116600784,Clear,0,2988634
34.0,18,0.010094751402146473,Clear,0,2988635
50.0,14,0.011087289819213766,Clear,0,2988636
59.0,1,0.03916978910720661,Clear,0,2988637
150.0,21,0.01157513743676074,Clear,0,2988638
68.366,4,0.26238044433167756,Clear,0,2988639
29.5,4,0.013482047033338038,Clear,0,2988640
107.95,18,0.006864906541369029,Clear,0,2988641
159.95,19,0.013588045611882127,Clear,0,2988642
39.0,17,0.011466606207043128,Clear,0,2988643
107.95,16,0.0045777891655598485,Clear,0,2988644
59.0,15,0.00829694671844428,Clear,0,2988645
29.0,17,0.01286943763986463,Clear,0,2988646
52.95,23,0.006946051661924807,Clear,0,2988647
82.715,19,0.036280641497154854,Clear,0,2988648
171.0,20,0.008933405334208508,Clear,0,2988649
34.0,20,0.012138132532294578,Clear,0,2988650
107.95,15,0.01215695071681893,Clear,0,2988651
129.95,12,0.00870447864768321,Clear,0,2988652
912.19,22,0.0066629691025351,Clear,0,2988653
56.95,17,0.007995242124885966,Clear,0,2988654
29.0,22,0.018012331405473772,Clear,0,2988655
77.0,21,0.00750280639319236,Clear,0,2988656
119.95,16,0.011558671455580514,Clear,0,2988657
226.0,21,0.010083162727781392,Clear,0,2988658
68.456,1,0.04542297054039539,Clear,0,2988659
175.0,21,0.032172021457745406,Clear,0,2988660
141.0,21,0.02495452975002168,Clear,0,2988661
57.95,23,0.0053353631223096755,Clear,0,2988662
53.95,23,0.00789215422192362,Clear,0,2988663
20.75,20,0.006855115567202585,Clear,0,2988664
17.214,17,0.8405512121591625,Critical Risk,1,2988665
57.95,23,0.012858323535067447,Clear,0,2988666
57.95,0,0.002930590761261215,Clear,0,2988667
226.0,0,0.01723335874660965,Clear,0,2988668
50.0,22,0.0038178473588713923,Clear,0,2988669
171.0,15,0.06242406345373757,Clear,0,2988670
107.95,23,0.006264294401305354,Clear,0,2988671
117.0,1,0.019990641464611596,Clear,0,2988672
30.0,14,0.017225235661903888,Clear,0,2988673
45.0,1,0.006900389644234379,Clear,0,2988674
25.95,12,0.00534658016866227,Clear,0,2988675
7.929,3,0.9576722524810346,Critical Risk,1,2988676
57.95,4,0.0053958511229105655,Clear,0,2988677
88.95,16,0.005646448913167567,Clear,0,2988678
50.0,22,0.004362679125248088,Clear,0,2988679
25.0,15,0.007726543412848996,Clear,0,2988680
34.5,20,0.01272250788821835,Clear,0,2988681
226.0,22,0.023399882208083443,Clear,0,2988682
73.5,2,0.03643762894171192,Clear,0,2988683
173.0,0,0.06857852764938936,Clear,0,2988684
100.0,18,0.01724589775368926,Clear,0,2988685
107.95,11,0.00791805959822578,Clear,0,2988686
75.0,23,0.01731445991412617,Clear,0,2988687
92.0,0,0.009737753335217588,Clear,0,2988688
335.0,15,0.027100139571954146,Clear,0,2988689
50.0,20,0.11532792782216246,Clear,0,2988690
26.5,23,0.012566970616084933,Clear,0,2988691
226.0,11,0.015294500802496348,Clear,0,2988692
180.95,17,0.016910857443494274,Clear,0,2988693
107.95,20,0.004267455724344701,Clear,0,2988694
100.0,23,0.010356121659017907,Clear,0,2988695
30.95,23,0.004222006693628523,Clear,0,2988696
200.0,1,0.2017332793571312,Clear,0,2988697
800.0,20,0.009929633587180232,Clear,0,2988698
117.0,23,0.06697653845615828,Clear,0,2988699
31.418,15,0.019494162084789886,Clear,0,2988700
100.0,14,0.008821964945507478,Clear,0,2988701
80.95,11,0.0082870685159793,Clear,0,2988702
20.95,23,0.006120209834917782,Clear,0,2988703
59.0,20,0.006810140516653555,Clear,0,2988704
87.95,19,0.009927722158040478,Clear,0,2988705
25.0,20,0.017973583774072252,Clear,0,2988706
87.0,22,0.10059887863671288,Clear,1,2988707
311.95,4,0.013799304503103692,Clear,0,2988708
107.95,0,0.01733421053207638,Clear,0,2988709
34.0,19,0.00937587514191681,Clear,0,2988710
226.0,20,0.01701726141461261,Clear,0,2988711
200.0,23,0.009647353622670036,Clear,0,2988712
67.95,3,0.0051706590369119685,Clear,0,2988713
30.0,13,0.01584069132929556,Clear,0,2988714
100.0,15,0.034820690877911474,Clear,0,2988715
25.95,23,0.002980714925428199,Clear,0,2988716
105.95,10,0.014849537190201812,Clear,0,2988717
332.95,23,0.008928051723292859,Clear,0,2988718
762.0,21,0.048786132010597054,Clear,0,2988719
55.56,21,0.3614254827533897,Clear,0,2988720
65.0,1,0.026595693455904863,Clear,0,2988721
6.88,21,0.058919586001118615,Clear,0,2988722
47.95,10,0.005694273139586291,Clear,0,2988723
107.95,4,0.02690868194446894,Clear,0,2988724
117.0,17,0.00849243697537659,Clear,0,2988725
35.0,15,0.005080115405935762,Clear,0,2988726
226.0,12,0.035792582992425034,Clear,0,2988727
49.0,13,0.029076357332863165,Clear,0,2988728
49.0,1,0.016639158011446126,Clear,0,2988729
50.0,23,0.03668898247539116,Clear,0,2988730
146.0,14,0.03967282908982029,Clear,0,2988731
146.0,14,0.025922105276456456,Clear,0,2988732
87.0,22,0.00988719724078255,Clear,0,2988733
59.0,19,0.012181156493628784,Clear,0,2988734
100.0,23,0.3682325265992665,Clear,0,2988735
117.0,21,0.018622437212955197,Clear,0,2988736
59.0,17,0.01759744866965408,Clear,0,2988737
117.0,16,0.03319470249217928,Clear,0,2988738
92.0,12,0.08772444215374924,Clear,1,2988739
82.413,0,0.2057781881410825,Clear,0,2988740
13.353,18,0.051679257843110164,Clear,0,2988741
29.0,23,0.009729076148934439,Clear,0,2988742
250.0,16,0.014429992894578404,Clear,0,2988743
31.95,18,0.004654353282678698,Clear,0,2988744
117.0,23,0.012651181193373126,Clear,0,2988745
49.0,14,0.012673923623029635,Clear,0,2988746
62.464,18,0.037871992683150286,Clear,0,2988747
151.0,17,0.014256770736174604,Clear,0,2988748
117.0,23,0.03561485434501644,Clear,0,2988749
7.808,4,0.013998568840203502,Clear,0,2988750
57.95,3,0.005162973042698409,Clear,0,2988751
54.5,16,0.010269748445192246,Clear,0,2988752
45.315,2,0.13879650219587944,Clear,0,2988753
100.0,1,0.006914466655921653,Clear,0,2988754
105.0,14,0.004397972129289333,Clear,0,2988755
405.0,23,0.044204046211828434,Clear,0,2988756
50.0,2,0.012097494536841759,Clear,0,2988757
300.0,2,0.09113007474645755,Clear,0,2988758
67.95,1,0.008381910633610523,Clear,0,2988759
117.0,20,0.019519327857508196,Clear,0,2988760
5.0,17,0.3978789398340554,Clear,0,2988761
445.0,19,0.026999442422380875,Clear,0,2988762
57.95,21,0.005082458981794798,Clear,0,2988763
103.97,3,0.004807143933853549,Clear,0,2988764
108.95,1,0.008890881268498432,Clear,0,2988765
100.0,13,0.02780384606524556,Clear,0,2988766
57.95,23,0.0052983634821177315,Clear,0,2988767
10.99,19,0.0180902995785555,Clear,0,2988768
30.95,0,0.0030895921305294084,Clear,0,2988769
59.0,14,0.016740357846188124,Clear,0,2988770
39.0,23,0.00961624062411269,Clear,0,2988771
50.0,15,0.04804914005195487,Clear,0,2988772
57.95,22,0.004129260802909906,Clear,0,2988773
255.0,17,0.011167533115693311,Clear,0,2988774
166.0,3,0.022841812744495166,Clear,0,2988775
67.95,15,0.009919232753136479,Clear,0,2988776
59.0,22,0.018548412072443357,Clear,0,2988777
71.194,1,0.28574534520391764,Clear,0,2988778
59.0,16,0.05080390894725031,Clear,0,2988779
67.95,22,0.006744514518909681,Clear,0,2988780
100.0,21,0.008551103758550819,Clear,0,2988781
50.0,23,0.010142952348925215,Clear,1,2988782
67.95,1,0.005322157052017977,Clear,0,2988783
49.0,13,0.04174213229015764,Clear,0,2988784
75.0,20,0.007705335874198461,Clear,0,2988785
67.95,16,0.003994767935190629,Clear,0,2988786
50.0,21,0.010683333261786769,Clear,0,2988787
34.5,18,0.006238040929686212,Clear,0,2988788
434.95,22,0.01142805792628703,Clear,0,2988789
50.0,0,0.00817657871957776,Clear,0,2988790
226.0,13,0.0198449333447143,Clear,0,2988791
361.95,1,0.009563439037275714,Clear,0,2988792
109.49,19,0.009257928058396368,Clear,0,2988793
35.95,20,0.007616155850418932,Clear,0,2988794
33.95,17,0.005041081559215609,Clear,0,2988795
77.0,23,0.01786335370731497,Clear,0,2988796
119.95,11,0.06660501454429962,Clear,0,2988797
30.95,16,0.0025778249735102727,Clear,0,2988798
125.0,18,0.045792930701204784,Clear,0,2988799
822.0,12,0.02424449728891756,Clear,0,2988800
15.0,18,0.17824883552248164,Clear,0,2988801
88.966,11,0.48174073468497325,Suspicious,0,2988802
117.0,20,0.01744295868761576,Clear,0,2988803
199.95,22,0.007837954600133836,Clear,0,2988804
72.0,14,0.01075811857392068,Clear,0,2988805
34.0,20,0.010059949861447573,Clear,1,2988806
100.0,13,0.005054081565667662,Clear,0,2988807
9.667,21,0.37797001148062986,Clear,0,2988808
107.95,15,0.005582102004221075,Clear,0,2988809
59.0,15,0.009085310204986267,Clear,0,2988810
150.0,21,0.018905860775601323,Clear,0,2988811
24.836,1,0.025402568754253455,Clear,0,2988812
63.5,16,0.015454723999634826,Clear,0,2988813
107.95,17,0.010833034244651703,Clear,0,2988814
160.5,21,0.020559159001571847,Clear,0,2988815
30.95,0,0.005577168646860081,Clear,0,2988816
50.0,1,0.006764786816016381,Clear,0,2988817
280.0,18,0.06245347792823548,Clear,0,2988818
49.0,17,0.0402769953230813,Clear,0,2988819
58.487,18,0.033417844270003244,Clear,0,2988820
62.789,0,0.020428485246452487,Clear,0,2988821
59.0,0,0.06489444169909248,Clear,0,2988822
360.99,17,0.14473103171120877,Clear,0,2988823
59.0,19,0.006486626844953086,Clear,0,2988824
49.061,23,0.11262801250464768,Clear,0,2988825
35.95,4,0.015547164925009476,Clear,0,2988826
107.95,5,0.009581734207071823,Clear,0,2988827
803.22,15,0.008440882637325129,Clear,0,2988828
34.0,13,0.05584271399541397,Clear,0,2988829
57.95,18,0.009009616658799917,Clear,0,2988830
47.95,2,0.004044560371763805,Clear,0,2988831
159.95,0,0.007849229121508627,Clear,0,2988832
100.0,21,0.015323846509439373,Clear,0,2988833
117.0,21,0.013843131666813899,Clear,0,2988834
57.0,23,0.04003259908734891,Clear,0,2988835
199.95,22,0.0073100902416841,Clear,0,2988836
59.0,16,0.1324661484053292,Clear,1,2988837
1052.0,22,0.05957740131525557,Clear,0,2988838
59.0,0,0.006079890269129168,Clear,0,2988839
47.95,18,0.00477725591305761,Clear,0,2988840
108.5,6,0.0209362968720876,Clear,0,2988841
47.95,1,0.008951884490763312,Clear,0,2988842
59.0,14,0.010317817675526435,Clear,0,2988843
87.0,15,0.10251523528733365,Clear,0,2988844
117.0,22,0.017034922859222562,Clear,0,2988845
445.0,18,0.01910109366665196,Clear,0,2988846
335.0,18,0.04212643346076762,Clear,0,2988847
54.5,23,0.005599190508497381,Clear,0,2988848
59.0,14,0.3418545484735904,Clear,0,2988849
51.596,19,0.023508594835922873,Clear,0,2988850
59.0,20,0.010930290502461379,Clear,0,2988851
1104.0,12,0.10930890930062423,Clear,0,2988852
59.0,20,0.05475741938131987,Clear,0,2988853
200.0,4,0.9453581862935165,Critical Risk,1,2988854
47.95,4,0.005078672696539279,Clear,0,2988855
107.95,16,0.009861931110776611,Clear,0,2988856
117.0,18,0.028921744157913237,Clear,0,2988857
144.95,21,0.010390616315031432,Clear,0,2988858
73.95,2,0.020683062229101084,Clear,0,2988859
107.95,14,0.008121876988365171,Clear,0,2988860
100.0,3,0.11513475849331428,Clear,0,2988861
35.351,19,0.03146776658151684,Clear,1,2988862
15.333,1,0.0059154487713740005,Clear,0,2988863
117.0,21,0.0067543529361267585,Clear,0,2988864
151.0,3,0.02159465387462555,Clear,0,2988865
107.95,20,0.00547446099714707,Clear,0,2988866
100.0,20,0.022156309097370982,Clear,0,2988867
3162.95,15,0.014294128524647466,Clear,0,2988868
56.13,16,0.012940604609388985,Clear,0,2988869
47.95,22,0.012378641127903704,Clear,0,2988870
57.95,23,0.006618051393068478,Clear,0,2988871
170.95,2,0.003933575907695177,Clear,0,2988872
57.95,22,0.008277462472084014,Clear,0,2988873
57.95,14,0.0038619279575322083,Clear,0,2988874
25.0,17,0.00976051377612717,Clear,0,2988875
100.0,12,0.007538920016081868,Clear,0,2988876
30.95,19,0.004270023403049764,Clear,0,2988877
31.358,22,0.05189336956491887,Clear,0,2988878
59.0,5,0.008355653615604985,Clear,0,2988879
159.95,2,0.004361281347725641,Clear,0,2988880
30.95,3,0.0039334336380991404,Clear,0,2988881
100.0,12,0.014630232301836287,Clear,0,2988882
165.106,5,0.017153701109212927,Clear,0,2988883
10.0,20,0.013503150709028843,Clear,0,2988884
30.95,11,0.004504423655142216,Clear,0,2988885
25.822,1,0.13306368843515773,Clear,0,2988886
59.0,23,0.07137485678053239,Clear,1,2988887
117.0,21,0.03135809204066206,Clear,0,2988888
100.0,19,0.008635393230639943,Clear,0,2988889
117.0,0,0.013106353275041284,Clear,0,2988890
59.0,0,0.019228317901255586,Clear,0,2988891
23.608,17,0.06912740682345077,Clear,0,2988892
57.95,3,0.006602207646767977,Clear,0,2988893
78.97,21,0.005138908737806984,Clear,0,2988894
34.0,21,0.023777677915265725,Clear,0,2988895
67.95,18,0.010513414097269056,Clear,0,2988896
50.0,19,0.030366552106315073,Clear,0,2988897
655.95,2,0.00956330001449343,Clear,0,2988898
39.0,23,0.017938736768834354,Clear,0,2988899
59.0,16,0.012693938681256877,Clear,0,2988900
226.0,13,0.05264514721482749,Clear,0,2988901
39.0,19,0.00985843792625282,Clear,0,2988902
125.0,22,0.006958392037150237,Clear,0,2988903
63.95,20,0.016528126639585892,Clear,0,2988904
102.99,0,0.012109984786301242,Clear,0,2988905
280.0,19,0.020507360236522124,Clear,1,2988906
307.95,14,0.006185391960453386,Clear,0,2988907
169.95,20,0.04214294569492056,Clear,0,2988908
59.0,2,0.005406217255489243,Clear,0,2988909
58.95,17,0.00391091919236721,Clear,1,2988910
93.5,17,0.021032537734884844,Clear,0,2988911
842.0,23,0.03136646822143588,Clear,0,2988912
89.638,17,0.06179542233665243,Clear,0,2988913
29.0,0,0.012629487495636225,Clear,0,2988914
30.95,17,0.006341613517369354,Clear,0,2988915
39.0,18,0.01430812860578646,Clear,0,2988916
55.224,1,0.9767549424878463,Critical Risk,1,2988917
1403.61,15,0.008849127244273915,Clear,0,2988918
64.364,15,0.016430133322309,Clear,0,2988919
49.0,16,0.03413771496516343,Clear,0,2988920
57.95,16,0.005076885305504568,Clear,0,2988921
199.95,21,0.009116039474261031,Clear,0,2988922
226.0,17,0.05732782494948708,Clear,0,2988923
100.0,2,0.07216665627208028,Clear,0,2988924
49.0,11,0.07299475204659236,Clear,0,2988925
59.0,19,0.010230169647703884,Clear,0,2988926
100.0,16,0.007882224896275656,Clear,0,2988927
54.95,0,0.00357560386463032,Clear,0,2988928
100.0,17,0.022054644715480767,Clear,0,2988929
16.149,1,0.005419814782861436,Clear,0,2988930
171.0,20,0.017681034634837715,Clear,1,2988931
22.235,18,0.06573651860561892,Clear,0,2988932
35.0,15,0.3868909609391866,Clear,1,2988933
57.95,3,0.00809622402506613,Clear,0,2988934
57.95,2,0.004046911467407371,Clear,0,2988935
107.95,14,0.013539577562473981,Clear,0,2988936
29.0,2,0.04624715807665704,Clear,0,2988937
21.95,22,0.0032170927834541535,Clear,0,2988938
49.0,0,0.01081772827885515,Clear,0,2988939
18.368,3,0.009951614869484792,Clear,0,2988940
25.0,16,0.023825675340563016,Clear,0,2988941
112.99,23,0.04206375344061586,Clear,0,2988942
100.0,19,0.010518203017199109,Clear,0,2988943
34.319,21,0.0353029757797424,Clear,0,2988944
59.0,22,0.06717915912244385,Clear,0,2988945
92.0,21,0.08733381910593262,Clear,0,2988946
75.0,0,0.014137109789223546,Clear,0,2988947
70.087,20,0.010759535509419146,Clear,0,2988948
39.0,22,0.008785590918307171,Clear,0,2988949
35.95,1,0.004514109861988231,Clear,0,2988950
49.95,12,0.005688836477814882,Clear,0,2988951
49.0,22,0.01694080926465115,Clear,0,2988952
108.95,22,0.004823493993630692,Clear,0,2988953
22.154,19,0.007008641671237963,Clear,0,2988954
201.0,20,0.071748684157127,Clear,0,2988955
115.0,0,0.059524826959240995,Clear,0,2988956
88.0,18,0.044747529209466556,Clear,0,2988957
317.5,15,0.039250534455972805,Clear,0,2988958
150.0,23,0.3807001277931435,Clear,1,2988959
23.201,14,0.1153650607187577,Clear,0,2988960
57.95,19,0.004687088701629306,Clear,0,2988961
21.395,20,0.010635524516273894,Clear,0,2988962
198.95,1,0.01063603149707019,Clear,0,2988963
206.0,22,0.16354786603320545,Clear,1,2988964
41.51,23,0.36745869407903986,Clear,0,2988965
9.153,17,0.0068262418379420875,Clear,0,2988966
47.954,17,0.3878900022927133,Clear,1,2988967
55.0,4,0.040629488621864475,Clear,0,2988968
39.0,23,0.03130399568447692,Clear,0,2988969
104.889,5,0.021608629708392012,Clear,0,2988970
49.0,3,0.028353295207897512,Clear,0,2988971
411.95,18,0.011072919063237065,Clear,0,2988972
87.99,23,0.018233564815992528,Clear,0,2988973
250.0,21,0.11819830282587851,Clear,0,2988974
979.0,19,0.04115089710208593,Clear,0,2988975
226.0,21,0.019527154121504683,Clear,1,2988976
59.63,6,0.04929981059609013,Clear,0,2988977
214.0,22,0.013097438953634256,Clear,0,2988978
117.0,18,0.019459530068548045,Clear,0,2988979
25.069,4,0.201709182735649,Clear,0,2988980
30.199,0,0.12305369487210584,Clear,0,2988981
20.0,19,0.056332832337981156,Clear,0,2988982
55.95,18,0.008614749949542401,Clear,0,2988983
59.0,17,0.02934426041675599,Clear,0,2988984
117.0,0,0.018620081261639825,Clear,0,2988985
30.608,6,0.05483812431559361,Clear,0,2988986
1024.0,21,0.27227647389525456,Clear,0,2988987
305.97,0,0.021771828232912634,Clear,0,2988988
47.95,16,0.0027508495631009613,Clear,0,2988989
30.95,0,0.029348567852742192,Clear,0,2988990
26.0,16,0.009757089821951214,Clear,0,2988991
96.661,4,0.02063887790357552,Clear,0,2988992
72.0,18,0.00900669721097299,Clear,0,2988993
48.95,2,0.004900336587615399,Clear,0,2988994
25.95,1,0.005926679132452332,Clear,0,2988995
59.0,0,0.01861295724722833,Clear,0,2988996
67.95,1,0.007834653557659868,Clear,0,2988997
59.0,3,0.024375505560357457,Clear,0,2988998
117.0,1,0.028392864349829683,Clear,0,2988999
200.0,19,0.04075455799937278,Clear,0,2989000
40.0,20,0.008470624246675263,Clear,0,2989001
57.95,15,0.0026602447570616256,Clear,0,2989002
25.558,23,0.0700348470492114,Clear,0,2989003
171.0,22,0.161943856369605,Clear,0,2989004
491.68,16,0.012120280729553764,Clear,0,2989005
226.0,0,0.008696279384353007,Clear,0,2989006
445.0,10,0.38811566026655064,Clear,1,2989007
33.95,0,0.005660765458492404,Clear,0,2989008
57.95,19,0.00526890133707031,Clear,0,2989009
34.0,19,0.005847095828477744,Clear,0,2989010
45.0,11,0.015407481358462375,Clear,0,2989011
67.95,15,0.008769148383713683,Clear,0,2989012
312.95,23,0.011003699484431754,Clear,0,2989013
47.95,23,0.003975841720562435,Clear,0,2989014
57.95,3,0.004079982608586673,Clear,0,2989015
241.95,20,0.008715013511777302,Clear,0,2989016
24.5,18,0.019071019315016657,Clear,0,2989017
226.0,23,0.030206277041905212,Clear,0,2989018
226.0,11,0.011545671148274214,Clear,0,2989019
59.0,16,0.01479805349640424,Clear,0,2989020
445.0,22,0.09518043148178496,Clear,0,2989021
106.0,0,0.004397972129289333,Clear,0,2989022
22.0,13,0.0432815580363046,Clear,0,2989023
92.0,4,0.10978849921762542,Clear,0,2989024
35.95,12,0.017890622635797767,Clear,0,2989025
15.0,2,0.04570803704733107,Clear,0,2989026
23.95,16,0.007337089781205831,Clear,0,2989027
47.95,19,0.007061166572692177,Clear,0,2989028
68.551,16,0.03556054696391897,Clear,0,2989029
35.0,17,0.024523754182514266,Clear,0,2989030
209.95,20,0.00962051939109525,Clear,0,2989031
56.5,21,0.008875661295640148,Clear,0,2989032
67.95,0,0.010191564168762521,Clear,0,2989033
57.95,0,0.005625776552711846,Clear,0,2989034
59.0,15,0.013946727357185138,Clear,0,2989035
50.0,13,0.012593765538580031,Clear,0,2989036
117.0,17,0.06163773590773407,Clear,0,2989037
445.0,21,0.09706029704646892,Clear,0,2989038
226.0,2,0.030291848233252115,Clear,0,2989039
107.95,12,0.009502364236515282,Clear,0,2989040
117.0,13,0.012928438534920534,Clear,0,2989041
199.95,23,0.008043808394628616,Clear,0,2989042
107.95,1,0.004074747365315915,Clear,0,2989043
222.0,19,0.00808514900672857,Clear,0,2989044
98.964,2,0.22290159705321652,Clear,0,2989045
59.0,19,0.024175738686491897,Clear,0,2989046
29.0,23,0.006230790377472046,Clear,0,2989047
291.95,14,0.005434442297270026,Clear,0,2989048
100.0,23,0.05981451608374011,Clear,0,2989049
30.95,0,0.030495328261652396,Clear,0,2989050
103.97,15,0.010072758413978275,Clear,0,2989051
59.0,0,0.014389638482059252,Clear,0,2989052
47.95,0,0.00554482100116692,Clear,0,2989053
57.95,0,0.0057033947757869794,Clear,0,2989054
97.0,21,0.049940502939614904,Clear,0,2989055
29.0,19,0.020473605056366063,Clear,0,2989056
305.97,2,0.03751187531419692,Clear,0,2989057
108.5,17,0.026577920712050614,Clear,0,2989058
125.0,14,0.006298717843089794,Clear,0,2989059
57.95,14,0.007293613088345874,Clear,0,2989060
100.0,23,0.01480187223519502,Clear,0,2989061
15.0,18,0.021825321996158227,Clear,0,2989062
154.97,4,0.0060832217789552915,Clear,0,2989063
29.0,2,0.016792931017402483,Clear,0,2989064
236.95,16,0.005050910536828092,Clear,0,2989065
25.95,16,0.0048151718226065775,Clear,0,2989066
30.95,15,0.004544185342913651,Clear,0,2989067
50.0,1,0.09779386875268915,Clear,0,2989068
27.97,6,0.004742631937718977,Clear,0,2989069
213.0,9,0.029390650212929883,Clear,0,2989070
100.0,23,0.01651844426687648,Clear,0,2989071
250.0,4,0.012969051448816082,Clear,0,2989072
107.95,23,0.016593057629956092,Clear,0,2989073
117.0,16,0.0064851654981837046,Clear,0,2989074
54.5,17,0.015431423011056905,Clear,0,2989075
30.95,1,0.013194637133142504,Clear,0,2989076
35.95,14,0.004317042188648733,Clear,0,2989077
30.95,2,0.0032973637790276694,Clear,0,2989078
57.95,0,0.005958135086076309,Clear,0,2989079
40.0,2,0.03573137015934318,Clear,0,2989080
12.87,18,0.012302828976851999,Clear,0,2989081
25.0,12,0.01842823691296494,Clear,0,2989082
44.5,16,0.00969457180156774,Clear,0,2989083
47.95,13,0.004116651242023257,Clear,0,2989084
21.688,2,0.009176863712724928,Clear,0,2989085
10.494,21,0.009186779984112867,Clear,0,2989086
108.95,15,0.006683859979145384,Clear,0,2989087
150.0,13,0.10756092973149674,Clear,0,2989088
108.5,17,0.02040394847405966,Clear,0,2989089
47.95,17,0.010411618974799945,Clear,0,2989090
20.0,15,0.022630272546047405,Clear,0,2989091
554.0,20,0.16016526280012475,Clear,0,2989092
107.95,13,0.006467848718142517,Clear,0,2989093
107.95,13,0.004741017198391641,Clear,0,2989094
50.0,16,0.054816231412201086,Clear,0,2989095
30.95,3,0.008797944863507217,Clear,0,2989096
1769.97,17,0.008313123972235263,Clear,0,2989097
280.0,3,0.049112284694576576,Clear,0,2989098
30.0,18,0.009416621314477056,Clear,0,2989099
59.0,20,0.005456967568599311,Clear,0,2989100
57.95,17,0.0031608144134722327,Clear,0,2989101
25.95,13,0.00643009342486406,Clear,0,2989102
261.95,20,0.00460778196573049,Clear,0,2989103
63.5,1,0.017049576355488916,Clear,0,2989104
117.0,20,0.014757285016142046,Clear,0,2989105
35.95,12,0.0061092808718316806,Clear,0,2989106
200.0,19,0.03438373699352272,Clear,0,2989107
39.0,0,0.011660420696401098,Clear,0,2989108
34.0,16,0.06929531497202675,Clear,0,2989109
29.0,1,0.007478969712628589,Clear,0,2989110
50.0,1,0.018960977085414676,Clear,0,2989111
117.0,21,0.021247435784095724,Clear,0,2989112
51.95,15,0.007455994460628097,Clear,0,2989113
250.0,2,0.030813139766359972,Clear,0,2989114
14.138,2,0.03542921883480338,Clear,0,2989115
393.0,17,0.008926649149554251,Clear,0,2989116
117.0,11,0.016042511001851535,Clear,0,2989117
35.95,0,0.0031171137455940395,Clear,0,2989118
49.0,19,0.02797741146631398,Clear,0,2989119
15.0,23,0.010981145106518366,Clear,0,2989120
57.95,22,0.0054073914404435255,Clear,0,2989121
97.95,14,0.005124755338965428,Clear,0,2989122
221.99,4,0.031132947134610855,Clear,0,2989123
280.0,17,0.012697147628999934,Clear,0,2989124
39.0,3,0.01242164464248912,Clear,0,2989125
159.0,16,0.01087332394400746,Clear,0,2989126
55.0,17,0.004443132378895406,Clear,0,2989127
25.0,13,0.014914439686118296,Clear,0,2989128
64.77,22,0.010769383245197375,Clear,0,2989129
50.0,3,0.016661702181019932,Clear,0,2989130
108.95,19,0.006814712049803952,Clear,0,2989131
209.95,18,0.01215759194129648,Clear,0,2989132
209.95,23,0.004916337417130291,Clear,0,2989133
134.0,21,0.019844828362833668,Clear,0,2989134
50.0,19,0.2246825330573931,Clear,0,2989135
117.0,13,0.1917941941847138,Clear,0,2989136
131.0,20,0.01186573824628184,Clear,0,2989137
26.129,22,0.01565569706285821,Clear,1,2989138
59.0,21,0.006587000997396722,Clear,0,2989139
300.0,14,0.012797489681267966,Clear,0,2989140
209.95,1,0.004864289625098983,Clear,0,2989141
55.385,20,0.0927148896502491,Clear,0,2989142
28.941,2,0.010419668165305356,Clear,0,2989143
97.0,19,0.030279116691952903,Clear,0,2989144
98.5,15,0.016469436669886976,Clear,0,2989145
107.95,21,0.011923665417556623,Clear,0,2989146
100.0,23,0.042602935976543584,Clear,1,2989147
159.95,17,0.013286535378539688,Clear,0,2989148
360.0,22,0.03543792269520172,Clear,0,2989149
107.95,22,0.0412074054524481,Clear,0,2989150
25.0,15,0.008001338291315543,Clear,0,2989151
25.135,7,0.6749145228399467,Suspicious,1,2989152
50.0,1,0.004631653028837955,Clear,0,2989153
150.0,14,0.003426242148434789,Clear,0,2989154
35.0,18,0.005628245073226006,Clear,0,2989155
57.95,2,0.0036655570147174016,Clear,0,2989156
47.0,17,0.03225316200719952,Clear,0,2989157
34.0,16,0.013097946201423146,Clear,0,2989158
52.0,22,0.08724083211484221,Clear,0,2989159
100.0,20,0.01057389103528912,Clear,0,2989160
67.95,19,0.004666837411516823,Clear,0,2989161
58.95,22,0.03603071303760052,Clear,0,2989162
58.728,3,0.09966045849434402,Clear,0,2989163
107.95,19,0.011448375064667199,Clear,0,2989164
76.023,7,0.21125192247954866,Clear,0,2989165
49.0,16,0.021966751716574414,Clear,0,2989166
140.5,20,0.03264717900396512,Clear,0,2989167
107.95,14,0.012753328312865199,Clear,0,2989168
25.0,0,0.04297140948432193,Clear,0,2989169
49.97,14,0.006662940084098421,Clear,0,2989170
44.5,0,0.008134912538554152,Clear,0,2989171
59.0,1,0.013806530884173456,Clear,0,2989172
110.77,5,0.018079038584507722,Clear,0,2989173
128.981,22,0.014667450210405808,Clear,0,2989174
34.0,23,0.007022263625686051,Clear,0,2989175
171.0,23,0.01652651542175775,Clear,0,2989176
150.0,21,0.03030370037428497,Clear,0,2989177
131.0,14,0.0188450094255342,Clear,0,2989178
43.97,20,0.004617364899095642,Clear,0,2989179
107.95,11,0.0168739028233978,Clear,0,2989180
28.397,18,0.0072438375155249105,Clear,0,2989181
6.517,21,0.0271723051265728,Clear,0,2989182
82.95,23,0.012079879863831284,Clear,0,2989183
100.0,18,0.013678174935904163,Clear,0,2989184
147.0,23,0.02453642213791726,Clear,0,2989185
40.0,19,0.019687600672541862,Clear,0,2989186
30.452,19,0.017171049743068857,Clear,0,2989187
335.0,12,0.06431171078221953,Clear,0,2989188
58.95,23,0.005244862250686144,Clear,0,2989189
159.95,2,0.006210531136950399,Clear,0,2989190
21.95,18,0.005803046535288814,Clear,0,2989191
57.95,22,0.004488817090650945,Clear,0,2989192
107.95,11,0.05595941303340777,Clear,0,2989193
117.0,21,0.006963113654753181,Clear,0,2989194
75.0,8,0.009051439751232538,Clear,0,2989195
49.0,18,0.007137431268323476,Clear,0,2989196
184.95,3,0.005985488884466288,Clear,0,2989197
159.95,12,0.006814989591266192,Clear,0,2989198
50.0,19,0.01034690668980937,Clear,0,2989199
171.0,1,0.016735261501792806,Clear,0,2989200
335.0,16,0.04401267385424163,Clear,0,2989201
59.0,22,0.016094788153508368,Clear,0,2989202
107.95,18,0.009372703164169036,Clear,0,2989203
200.0,16,0.007848698681843581,Clear,0,2989204
15.858,19,0.005671806833742119,Clear,0,2989205
77.0,15,0.035795832969553416,Clear,0,2989206
59.0,22,0.031434320930933936,Clear,1,2989207
67.95,14,0.004277289131390948,Clear,0,2989208
150.0,3,0.9894404754986162,Critical Risk,1,2989209
200.0,21,0.006586203579746482,Clear,0,2989210
50.0,12,0.01432965181210994,Clear,0,2989211
59.0,19,0.009377741044339036,Clear,0,2989212
117.0,17,0.29114675345081925,Clear,0,2989213
305.0,5,0.13023732574575253,Clear,0,2989214
18.5,7,0.03457091313416166,Clear,0,2989215
34.0,15,0.006946440687751482,Clear,0,2989216
4.751,2,0.1726456193131503,Clear,0,2989217
404.05,23,0.011520892654192226,Clear,0,2989218
250.0,19,0.010413799319663106,Clear,0,2989219
50.0,1,0.007638352524380061,Clear,0,2989220
83.97,5,0.007064745240256059,Clear,0,2989221
475.0,20,0.18124448218088932,Clear,0,2989222
77.0,20,0.015542256505073087,Clear,0,2989223
107.95,16,0.005182916415642639,Clear,0,2989224
107.95,3,0.0076378332248052344,Clear,0,2989225
100.0,7,0.05298957865510158,Clear,0,2989226
102.95,4,0.008763828639581452,Clear,0,2989227
107.95,0,0.00468673214417225,Clear,0,2989228
107.95,22,0.0028766072820850894,Clear,0,2989229
88.0,18,0.005422826608812376,Clear,0,2989230
20.0,1,0.016137607801384946,Clear,0,2989231
100.0,20,0.009465276471045139,Clear,0,2989232
105.0,5,0.009399623502183894,Clear,0,2989233
226.0,1,0.05390369026440849,Clear,0,2989234
49.0,1,0.016022826080079162,Clear,0,2989235
2468.61,0,0.01743182947608543,Clear,0,2989236
59.0,18,0.004103016073401616,Clear,0,2989237
22.0,19,0.09115593654581536,Clear,0,2989238
117.0,13,0.05490465638212126,Clear,0,2989239
41.0,23,0.007983711785433518,Clear,0,2989240
80.0,22,0.010915229518157798,Clear,0,2989241
160.5,4,0.022270210720048263,Clear,0,2989242
20.95,0,0.0035099201336719144,Clear,0,2989243
173.95,21,0.010481471308719393,Clear,0,2989244
59.0,22,0.016168295732716526,Clear,0,2989245
57.95,6,0.005128501359887466,Clear,0,2989246
107.95,21,0.004615667530450886,Clear,0,2989247
43.97,0,0.007882587696809999,Clear,0,2989248
24.0,19,0.009034928006618233,Clear,0,2989249
57.95,2,0.005660098534312355,Clear,0,2989250
554.0,21,0.11133313434962906,Clear,0,2989251
65.95,12,0.007222090826193293,Clear,0,2989252
411.95,17,0.0045227736470608085,Clear,0,2989253
55.95,22,0.0032582374165122632,Clear,0,2989254
59.0,0,0.006571804934608036,Clear,0,2989255
87.0,15,0.0353986041112022,Clear,1,2989256
49.0,23,0.08216327080557179,Clear,0,2989257
108.95,20,0.0077442319353317884,Clear,0,2989258
445.0,21,0.03653422226678031,Clear,0,2989259
700.0,13,0.05581394179803232,Clear,0,2989260
117.0,1,0.008894937221682869,Clear,0,2989261
49.0,0,0.03214615773109496,Clear,0,2989262
150.0,12,0.01970407982454318,Clear,0,2989263
295.0,18,0.16825080479984547,Clear,0,2989264
34.0,18,0.022487103555551377,Clear,0,2989265
20.95,23,0.006102513920448999,Clear,0,2989266
226.0,3,0.03390437973567272,Clear,0,2989267
107.95,17,0.00906800480425145,Clear,0,2989268
58.95,16,0.01073235352941221,Clear,0,2989269
15.95,4,0.0062998709237908615,Clear,0,2989270
226.0,20,0.06333085675937315,Clear,0,2989271
25.95,15,0.01756165836784924,Clear,0,2989272
94.912,3,0.023213387144306007,Clear,0,2989273
191.0,15,0.05812178182326154,Clear,0,2989274
34.0,20,0.01604701721290408,Clear,0,2989275
38.427,21,0.017086391272151693,Clear,0,2989276
57.95,0,0.009752633916217992,Clear,0,2989277
20.0,14,0.022473630585300625,Clear,0,2989278
120.95,0,0.005225960847335127,Clear,0,2989279
50.0,23,0.006990672346995084,Clear,0,2989280
57.95,4,0.004011433925814082,Clear,0,2989281
16.091,20,0.014293456686486,Clear,0,2989282
335.0,16,0.027989872889902914,Clear,0,2989283
50.0,17,0.007888608959224818,Clear,0,2989284
209.95,19,0.011258349667513321,Clear,0,2989285
56.5,1,0.016997778424905324,Clear,0,2989286
15.95,15,0.004883601604935552,Clear,0,2989287
110.0,0,0.009023124508222692,Clear,0,2989288
67.95,16,0.00840803145416234,Clear,0,2989289
107.0,3,0.01275609105325752,Clear,0,2989290
83.95,20,0.003272779436445629,Clear,0,2989291
107.95,21,0.004258304531384852,Clear,0,2989292
70.0,0,0.004560068863346519,Clear,0,2989293
34.0,3,0.004956382898589801,Clear,0,2989294
18.539,21,0.0129961092743877,Clear,0,2989295
117.0,19,0.03499868602806397,Clear,0,2989296
34.0,20,0.008509107336921277,Clear,0,2989297
45.0,23,0.00777785362576298,Clear,0,2989298
130.95,14,0.009204418020229064,Clear,0,2989299
47.95,0,0.006115784866416371,Clear,0,2989300
25.95,13,0.004757319912862358,Clear,0,2989301
25.0,15,0.01921455349071288,Clear,0,2989302
24.428,0,0.04741075356422816,Clear,0,2989303
186.0,12,0.016964500361526,Clear,0,2989304
125.0,19,0.07395570044675402,Clear,0,2989305
54.5,17,0.017208012555933214,Clear,0,2989306
97.0,18,0.03779112505587977,Clear,0,2989307
29.5,23,0.009361351307552754,Clear,0,2989308
67.95,23,0.00792496847249805,Clear,0,2989309
100.0,19,0.006497874410583496,Clear,0,2989310
171.0,20,0.016487632783813592,Clear,0,2989311
454.95,23,0.016374263247447375,Clear,0,2989312
150.0,23,0.026951848635749797,Clear,0,2989313
323.0,22,0.010925281119067926,Clear,0,2989314
39.0,4,0.02301715213903884,Clear,0,2989315
159.95,18,0.00971096456144317,Clear,0,2989316
15.96,0,0.013687564502945587,Clear,0,2989317
171.0,1,0.021854933270524075,Clear,0,2989318
204.97,22,0.01305941979495358,Clear,0,2989319
34.0,18,0.015229261906011851,Clear,0,2989320
49.0,11,0.011911610062180326,Clear,0,2989321
30.0,14,0.007685813334780413,Clear,0,2989322
59.0,3,0.00960142434520295,Clear,0,2989323
25.0,16,0.092317816280845,Clear,0,2989324
310.0,13,0.025911823515133447,Clear,0,2989325
25.95,23,0.0031948378039348057,Clear,0,2989326
21.279,22,0.962955066905019,Critical Risk,1,2989327
49.0,14,0.020547323706158166,Clear,0,2989328
140.95,13,0.015022298088146776,Clear,0,2989329
39.0,23,0.024547796455586617,Clear,0,2989330
35.95,0,0.0040103236745290104,Clear,0,2989331
47.95,2,0.006831716103317173,Clear,0,2989332
59.0,15,0.013670851191329192,Clear,0,2989333
154.95,4,0.011819378942751127,Clear,0,2989334
32.356,20,0.05169658814055959,Clear,0,2989335
25.0,16,0.005705819456687211,Clear,0,2989336
36.95,18,0.014517096089300527,Clear,0,2989337
30.95,23,0.0038844647423476406,Clear,0,2989338
23.903,23,0.009417813486264654,Clear,0,2989339
226.0,12,0.029718644784815926,Clear,0,2989340
31.95,22,0.013313880514045195,Clear,0,2989341
514.95,15,0.01773143742425267,Clear,0,2989342
87.95,2,0.009273796668841901,Clear,0,2989343
107.95,17,0.006905567786610072,Clear,0,2989344
209.95,1,0.007803130903289091,Clear,0,2989345
55.0,15,0.006751594205515693,Clear,0,2989346
30.95,21,0.008437739462860847,Clear,0,2989347
7.579,15,0.0051422580740096095,Clear,0,2989348
107.95,3,0.006448370714797281,Clear,0,2989349
184.95,4,0.011772359498897818,Clear,0,2989350
39.0,23,0.015030565361826445,Clear,0,2989351
33.756,3,0.027289677333970964,Clear,0,2989352
59.0,21,0.011848633868760691,Clear,0,2989353
107.95,15,0.004589826734627567,Clear,0,2989354
62.615,17,0.012665926003815496,Clear,0,2989355
105.0,16,0.018414375515785984,Clear,0,2989356
59.0,16,0.8245837428185795,Critical Risk,1,2989357
384.9,1,0.010895235154690501,Clear,0,2989358
82.95,1,0.00678540755837334,Clear,0,2989359
29.0,21,0.011613863415737363,Clear,0,2989360
10.634,16,0.026259398841867163,Clear,0,2989361
117.0,13,0.07896966059227606,Clear,0,2989362
49.0,12,0.023321995338194866,Clear,0,2989363
25.0,22,0.024566695667523588,Clear,0,2989364
35.95,21,0.007603145635338706,Clear,0,2989365
13.655,4,0.009889046794266627,Clear,0,2989366
25.186,21,0.8060918137350054,Critical Risk,1,2989367
107.95,12,0.007119989427326381,Clear,0,2989368
226.0,22,0.10257425628339098,Clear,0,2989369
159.95,13,0.0076762046563926606,Clear,0,2989370
74.682,1,0.023639917816157145,Clear,0,2989371
11.077,15,0.5626742490233478,Suspicious,1,2989372
29.0,18,0.0180869961424202,Clear,0,2989373
47.95,7,0.009979533278467826,Clear,0,2989374
58.95,14,0.007724055481043208,Clear,0,2989375
29.727,20,0.05196272767571433,Clear,0,2989376
88.95,23,0.021858156224949177,Clear,0,2989377
226.0,15,0.01571523997237562,Clear,0,2989378
49.0,0,0.008852144214407155,Clear,0,2989379
57.95,22,0.00642093626990642,Clear,0,2989380
15.0,7,0.05324789994746908,Clear,0,2989381
34.0,23,0.012884973980273844,Clear,0,2989382
117.0,4,0.014239593936392056,Clear,0,2989383
44.47,23,0.005987185296210846,Clear,0,2989384
209.95,23,0.01785961571696297,Clear,0,2989385
57.95,23,0.003485960697356255,Clear,0,2989386
39.0,19,0.010697179090351661,Clear,0,2989387
87.95,14,0.02279689733460834,Clear,0,2989388
50.0,23,0.007162072967557633,Clear,0,2989389
117.0,19,0.01192288528677492,Clear,0,2989390
117.0,16,0.011951416370792412,Clear,0,2989391
68.95,22,0.010024540691061522,Clear,0,2989392
114.95,13,0.007624034605822477,Clear,0,2989393
445.0,3,0.019280784224681696,Clear,0,2989394
239.95,2,0.0135451798263244,Clear,0,2989395
30.95,3,0.003741219327604139,Clear,0,2989396
226.0,19,0.012677538304665812,Clear,0,2989397
100.0,21,0.012760175158153272,Clear,0,2989398
4.058,2,0.05591392345998808,Clear,0,2989399
57.95,12,0.007415647792852019,Clear,0,2989400
82.95,11,0.005864476653549042,Clear,0,2989401
25.95,19,0.008719537431117362,Clear,0,2989402
82.95,17,0.004330400945401378,Clear,0,2989403
72.99,20,0.015084103750112522,Clear,0,2989404
67.95,15,0.011866191081744538,Clear,0,2989405
57.95,18,0.015066062682975964,Clear,0,2989406
117.0,20,0.0051374730659621845,Clear,0,2989407
108.5,21,0.012171293625562555,Clear,0,2989408
39.0,13,0.006508543282518589,Clear,0,2989409
265.0,17,0.2507532401590306,Clear,0,2989410
214.0,12,0.012511645237600136,Clear,0,2989411
34.137,0,0.02999389075326709,Clear,0,2989412
100.0,18,0.020740226296316243,Clear,0,2989413
87.0,13,0.010184117580695816,Clear,0,2989414
50.0,18,0.009618442717362178,Clear,0,2989415
445.0,21,0.03623508459849773,Clear,0,2989416
59.0,18,0.031018668846892476,Clear,0,2989417
15.124,0,0.05667672838704816,Clear,0,2989418
117.0,0,0.014155395813645997,Clear,0,2989419
112.0,2,0.003617358242704176,Clear,0,2989420
6.405,2,0.052041380813226165,Clear,0,2989421
18.19,2,0.007282086627921989,Clear,0,2989422
65.95,23,0.06413684871158785,Clear,1,2989423
159.95,3,0.013906930536999288,Clear,0,2989424
15.8,15,0.06599409881303064,Clear,0,2989425
66.521,22,0.04640286632629368,Clear,1,2989426
30.95,14,0.0030722567985393494,Clear,0,2989427
300.0,20,0.9866244556416404,Critical Risk,1,2989428
64.713,0,0.023809822564146186,Clear,0,2989429
100.0,3,0.010006231652311157,Clear,0,2989430
10.0,20,0.03126360980030657,Clear,0,2989431
27.97,17,0.004499039394097848,Clear,0,2989432
57.95,17,0.005485196108310771,Clear,0,2989433
50.0,15,0.03908867862989806,Clear,0,2989434
774.0,8,0.04848850082640185,Clear,1,2989435
39.0,18,0.02941132602489132,Clear,0,2989436
10.0,20,0.17600873252645174,Clear,0,2989437
1282.47,22,0.007769857941139377,Clear,0,2989438
100.0,15,0.004031341930671041,Clear,0,2989439
82.0,16,0.030143253794784063,Clear,0,2989440
43.589,23,0.1608896530976981,Clear,0,2989441
226.0,20,0.02350542589768799,Clear,0,2989442
49.0,16,0.07085336274319601,Clear,0,2989443
117.0,21,0.016943783453341566,Clear,0,2989444
39.0,1,0.013957153919824659,Clear,0,2989445
30.95,15,0.011290764656446664,Clear,0,2989446
49.0,16,0.012504976691037483,Clear,0,2989447
97.95,0,0.005737033622478986,Clear,0,2989448
20.0,1,0.008208780137753996,Clear,0,2989449
10.0,12,0.020399327371278083,Clear,0,2989450
209.95,19,0.00880951141993572,Clear,0,2989451
117.0,14,0.03356389900129651,Clear,0,2989452
92.0,2,0.020200808945046642,Clear,0,2989453
307.95,23,0.009110776360559545,Clear,0,2989454
59.0,15,0.012510541135418083,Clear,0,2989455
151.0,22,0.04348061851794857,Clear,0,2989456
171.0,11,0.014256263530968014,Clear,0,2989457
19.455,13,0.012419585110271992,Clear,0,2989458
58.004,5,0.014789651778311048,Clear,0,2989459
50.0,1,0.011838850831062134,Clear,0,2989460
117.0,15,0.013391338273341392,Clear,0,2989461
59.0,0,0.014746175525902332,Clear,0,2989462
53.95,1,0.0051683854789549444,Clear,0,2989463
301.0,18,0.06647832214616395,Clear,0,2989464
49.0,3,0.011268562285022113,Clear,0,2989465
73.0,16,0.17596245545684622,Clear,1,2989466
43.667,0,0.20669295309907826,Clear,0,2989467
30.0,13,0.015398373731970253,Clear,0,2989468
59.0,20,0.016610740013593823,Clear,0,2989469
63.441,17,0.014998295971434313,Clear,0,2989470
211.0,14,0.008048899163185337,Clear,0,2989471
25.0,22,0.031105540857997025,Clear,0,2989472
50.0,14,0.0066015316486487405,Clear,0,2989473
133.95,15,0.009014698903179994,Clear,0,2989474
445.0,8,0.05252042768629101,Clear,1,2989475
159.95,6,0.009649957176236072,Clear,0,2989476
265.0,1,0.019503166683691217,Clear,0,2989477
25.981,23,0.003656518512092908,Clear,0,2989478
67.95,0,0.005229805671952147,Clear,0,2989479
34.0,19,0.009484420985088154,Clear,0,2989480
66.03,2,0.9756437424434695,Critical Risk,1,2989481
15.0,17,0.012311627737632707,Clear,0,2989482
117.0,2,0.006919886990556177,Clear,0,2989483
47.95,16,0.0035628213425558082,Clear,0,2989484
107.95,1,0.0026108509883381657,Clear,0,2989485
50.0,3,0.006143928659843964,Clear,0,2989486
44.0,19,0.011687731583235711,Clear,0,2989487
87.95,17,0.005635807960722687,Clear,0,2989488
54.5,16,0.012250667376314512,Clear,0,2989489
994.0,21,0.021542858592707298,Clear,0,2989490
100.0,7,0.029048199078808234,Clear,0,2989491
54.0,0,0.020337040315311954,Clear,0,2989492
814.0,17,0.06374077157275311,Clear,0,2989493
335.0,20,0.016454226216626032,Clear,0,2989494
117.0,21,0.01519618431404529,Clear,0,2989495
57.95,20,0.012707849318972609,Clear,0,2989496
117.0,21,0.03768892921061644,Clear,0,2989497
77.95,6,0.017601843240602787,Clear,0,2989498
50.0,12,0.00628171388263324,Clear,0,2989499
30.95,21,0.006435339872717141,Clear,0,2989500
60.399,13,0.21350189050394988,Clear,0,2989501
59.0,0,0.019454881530520895,Clear,0,2989502
171.0,18,0.18640321823233805,Clear,1,2989503
50.0,1,0.02118144633911486,Clear,0,2989504
117.0,16,0.044590042658795896,Clear,0,2989505
117.0,23,0.2895915496496498,Clear,1,2989506
26.464,13,0.14365036823532606,Clear,0,2989507
47.95,19,0.015194166346847216,Clear,0,2989508
59.0,21,0.014357341158041055,Clear,0,2989509
29.0,17,0.01188316934857333,Clear,0,2989510
29.616,20,0.02967769265945604,Clear,0,2989511
213.0,0,0.027503911656842517,Clear,0,2989512
50.0,23,0.02799829573911846,Clear,0,2989513
81.031,19,0.23447999696112187,Clear,0,2989514
100.0,3,0.042789515521774006,Clear,0,2989515
77.95,11,0.004106569159779043,Clear,0,2989516
139.0,17,0.01056722899883055,Clear,0,2989517
150.0,17,0.00723211181527171,Clear,0,2989518
131.0,20,0.017518103701184593,Clear,0,2989519
107.95,16,0.022169363679126617,Clear,0,2989520
59.0,1,0.015767999822819203,Clear,0,2989521
49.0,22,0.020726290082156887,Clear,0,2989522
151.0,7,0.012120520031039193,Clear,0,2989523
250.0,20,0.03371220446123895,Clear,0,2989524
684.0,13,0.04721317665361286,Clear,0,2989525
44.0,20,0.17912524591927412,Clear,0,2989526
34.0,23,0.009124009017553773,Clear,0,2989527
49.0,1,0.015757807847533844,Clear,0,2989528
108.5,13,0.011186731056049108,Clear,0,2989529
59.0,22,0.007851720310341651,Clear,0,2989530
36.95,8,0.004410286851884998,Clear,0,2989531
59.0,0,0.007820006920105952,Clear,0,2989532
117.0,20,0.008151494270934338,Clear,0,2989533
29.0,0,0.01275370346427152,Clear,0,2989534
226.0,1,0.025855461726877735,Clear,0,2989535
52.95,8,0.0201723676208051,Clear,0,2989536
171.0,19,0.007335612872586235,Clear,0,2989537
50.0,0,0.00604141438642657,Clear,0,2989538
20.755,4,0.49804760523218117,Suspicious,1,2989539
59.0,20,0.010631001158284263,Clear,0,2989540
35.95,4,0.00491776921851534,Clear,0,2989541
107.95,12,0.010403345700183473,Clear,0,2989542
60.662,1,0.013215935615412828,Clear,0,2989543
66.95,7,0.02480899654599059,Clear,0,2989544
55.0,14,0.05621692750277806,Clear,0,2989545
57.95,23,0.018738914510808218,Clear,0,2989546
240.0,14,0.04178068382449369,Clear,0,2989547
159.95,20,0.003661820480875088,Clear,0,2989548
9.503,21,0.05532498172436549,Clear,0,2989549
54.5,17,0.01191439164952561,Clear,0,2989550
59.0,22,0.06381775289653491,Clear,0,2989551
24.0,17,0.008721584556344794,Clear,0,2989552
49.0,10,0.006076489070271268,Clear,0,2989553
107.0,20,0.02096249335558162,Clear,0,2989554
59.0,0,0.017591583962058243,Clear,0,2989555
107.95,21,0.006111801301574792,Clear,0,2989556
75.0,15,0.013453632068095876,Clear,0,2989557
102.95,4,0.004551289900841909,Clear,0,2989558
78.95,17,0.004296164063040854,Clear,0,2989559
23.055,21,0.0635020489807381,Clear,0,2989560
85.796,21,0.06435764115274324,Clear,0,2989561
100.0,1,0.019089409874639498,Clear,0,2989562
125.0,1,0.006696888469176833,Clear,0,2989563
49.95,21,0.0047976676997104305,Clear,0,2989564
49.0,15,0.008556410994621762,Clear,0,2989565
150.0,15,0.414543652593266,Suspicious,0,2989566
117.0,17,0.1980414985659609,Clear,1,2989567
50.0,11,0.0270875814095975,Clear,0,2989568
60.0,2,0.06708046895575483,Clear,0,2989569
100.0,19,0.0117645470784071,Clear,0,2989570
100.0,23,0.007894458005281841,Clear,0,2989571
100.0,19,0.050411013517821936,Clear,0,2989572
107.95,2,0.011194240197672895,Clear,0,2989573
15.0,11,0.021041080541943764,Clear,0,2989574
47.95,20,0.0020592415506605986,Clear,0,2989575
280.0,17,0.009900320915118381,Clear,0,2989576
29.0,1,0.008274869394782752,Clear,0,2989577
50.3,23,0.023918507912038256,Clear,0,2989578
108.5,21,0.008172650930068314,Clear,0,2989579
884.0,22,0.12690102910043724,Clear,1,2989580
87.95,20,0.029222834819439082,Clear,0,2989581
35.95,1,0.004172722810503653,Clear,0,2989582
39.0,21,0.014854066958274535,Clear,0,2989583
205.47,18,0.005535434004689543,Clear,0,2989584
30.95,23,0.006109814429468876,Clear,0,2989585
28.275,0,0.033125094360154865,Clear,0,2989586
100.0,21,0.010200712690666648,Clear,0,2989587
141.0,23,0.0097842714446401,Clear,0,2989588
92.0,17,0.03087334130413593,Clear,0,2989589
131.0,17,0.015243156401755581,Clear,0,2989590
524.95,19,0.06157129522448262,Clear,0,2989591
50.0,5,0.16319865834599184,Clear,1,2989592
35.95,15,0.005289780503692584,Clear,0,2989593
724.0,21,0.01240551687527304,Clear,0,2989594
22.96,22,0.028694097376656177,Clear,0,2989595
149.95,17,0.005965285408512689,Clear,0,2989596
49.0,1,0.01744153535357472,Clear,0,2989597
117.0,17,0.010294437812703136,Clear,0,2989598
150.0,20,0.09585603054445545,Clear,0,2989599
49.0,22,0.016288916880699583,Clear,0,2989600
100.0,22,0.9020955179081357,Critical Risk,1,2989601
554.0,17,0.36638926533518157,Clear,0,2989602
92.0,18,0.003561574711339021,Clear,0,2989603
97.95,0,0.004694145233175985,Clear,0,2989604
35.95,22,0.005523049055181915,Clear,0,2989605
117.0,23,0.009304291084597465,Clear,0,2989606
4.773,19,0.012083418325784183,Clear,0,2989607
39.0,12,0.014280789374228829,Clear,0,2989608
159.0,14,0.04570888762801396,Clear,0,2989609
34.0,1,0.011232244215226056,Clear,0,2989610
499.95,17,0.021203193835138412,Clear,0,2989611
59.0,21,0.05975339692765493,Clear,0,2989612
39.0,3,0.013212036665893077,Clear,0,2989613
86.0,0,0.03895454759840354,Clear,0,2989614
35.95,23,0.007340972344421688,Clear,0,2989615
160.95,19,0.015674702658213625,Clear,0,2989616
150.0,10,0.03103961660305666,Clear,0,2989617
30.95,16,0.006492839501269182,Clear,0,2989618
300.0,12,0.011328214262744059,Clear,0,2989619
100.0,18,0.018723360244751016,Clear,0,2989620
49.0,19,0.007041137323485662,Clear,0,2989621
17.645,20,0.104609672846905,Clear,0,2989622
87.95,4,0.007211577837996179,Clear,0,2989623
1104.0,19,0.16583467331053714,Clear,1,2989624
57.95,0,0.0037524048071802267,Clear,0,2989625
311.95,16,0.006620869465753596,Clear,0,2989626
107.95,17,0.020125172058351633,Clear,1,2989627
30.0,20,0.018007801488436316,Clear,0,2989628
107.95,10,0.0051386252573739225,Clear,0,2989629
117.0,15,0.006723786046309563,Clear,0,2989630
226.0,19,0.0273214017410996,Clear,0,2989631
57.95,17,0.006540636528179958,Clear,0,2989632
39.0,1,0.008565334528465154,Clear,0,2989633
67.95,20,0.00886469649439005,Clear,0,2989634
26.95,0,0.004945640273401113,Clear,0,2989635
59.0,18,0.05881154415423776,Clear,0,2989636
19.472,6,0.24028818535234925,Clear,0,2989637
1965.24,1,0.016682402650268956,Clear,0,2989638
59.0,23,0.03236691048600926,Clear,0,2989639
48.95,22,0.004959385804483823,Clear,0,2989640
100.0,15,0.028715748902445316,Clear,0,2989641
39.0,21,0.009046392468732293,Clear,0,2989642
5.735,20,0.8885066196840584,Critical Risk,1,2989643
49.0,19,0.016028526896205642,Clear,0,2989644
250.0,22,0.09297888595228358,Clear,0,2989645
29.0,16,0.007723110492659855,Clear,0,2989646
49.0,20,0.011774642817122908,Clear,0,2989647
34.0,2,0.06275954624444101,Clear,1,2989648
49.0,23,0.01085559580212125,Clear,0,2989649
54.5,23,0.03987415433518836,Clear,0,2989650
246.95,17,0.011866855749500695,Clear,0,2989651
26.464,18,0.013521325436365337,Clear,0,2989652
117.0,12,0.010973559012172333,Clear,0,2989653
40.119,4,0.01015610025201275,Clear,0,2989654
63.32,18,0.08212800221696985,Clear,0,2989655
664.0,14,0.11753907105531108,Clear,0,2989656
311.95,0,0.008217471301164143,Clear,0,2989657
156.2,17,0.014535326074526555,Clear,0,2989658
50.0,15,0.022252912056373725,Clear,0,2989659
59.0,22,0.007182739286854375,Clear,0,2989660
280.0,0,0.014621974497807484,Clear,0,2989661
210.95,1,0.004912247553479393,Clear,0,2989662
47.95,17,0.003707006278930737,Clear,0,2989663
45.05,19,0.40971997156881385,Suspicious,0,2989664
185.95,1,0.025644833688968565,Clear,0,2989665
100.0,14,0.011664030245414079,Clear,0,2989666
78.95,17,0.005271927485665501,Clear,0,2989667
25.95,21,0.004509755384420566,Clear,0,2989668
100.0,6,0.011254369421367755,Clear,0,2989669
25.0,14,0.023967498927254756,Clear,0,2989670
117.0,2,0.046155020820730586,Clear,0,2989671
97.0,0,0.025872492244545346,Clear,0,2989672
59.0,0,0.007701440072586293,Clear,0,2989673
554.0,21,0.10350691066159835,Clear,0,2989674
50.0,15,0.0025525057797908873,Clear,0,2989675
150.0,17,0.021866603377203128,Clear,0,2989676
44.5,20,0.010873367642063243,Clear,0,2989677
26.0,15,0.1507889639056037,Clear,0,2989678
50.0,18,0.024771026998713405,Clear,0,2989679
49.0,15,0.03167375560967836,Clear,0,2989680
21.221,3,0.14401156871319953,Clear,0,2989681
107.95,17,0.003674693795386615,Clear,0,2989682
724.0,16,0.028421594023841625,Clear,0,2989683
26.0,17,0.034027214636927594,Clear,0,2989684
59.0,3,0.01577350265760139,Clear,0,2989685
54.0,2,0.01224556326708914,Clear,0,2989686
30.95,4,0.004211287241568759,Clear,0,2989687
41.16,17,0.6597280231486895,Suspicious,0,2989688
12.446,21,0.0147760540956687,Clear,0,2989689
49.672,0,0.030942176582702968,Clear,0,2989690
31.109,18,0.14547744880951785,Clear,0,2989691
81.95,21,0.0031881150667086742,Clear,0,2989692
77.0,19,0.021788138047243864,Clear,0,2989693
40.663,7,0.9380950093190957,Critical Risk,1,2989694
13.413,17,0.17697547889406856,Clear,0,2989695
107.95,22,0.006524745338415308,Clear,0,2989696
75.0,13,0.022140254944656833,Clear,0,2989697
226.0,16,0.02363830477505129,Clear,0,2989698
41.388,23,0.10787028005971339,Clear,0,2989699
117.0,20,0.03865751875815501,Clear,0,2989700
108.5,18,0.030415379171752868,Clear,0,2989701
39.0,23,0.01809715171771259,Clear,0,2989702
21.026,19,0.18234536462894446,Clear,0,2989703
420.0,0,0.40060808137955756,Suspicious,0,2989704
97.0,15,0.0425909803585621,Clear,0,2989705
92.0,19,0.009077790596471626,Clear,0,2989706
129.95,17,0.00973794388362211,Clear,0,2989707
310.95,6,0.007340364219355003,Clear,0,2989708
49.0,21,0.010787151781085223,Clear,0,2989709
19.674,21,0.01462071818247969,Clear,0,2989710
159.95,2,0.012933382507811368,Clear,0,2989711
57.95,20,0.004006062204711321,Clear,0,2989712
44.95,2,0.003115611731839422,Clear,0,2989713
30.95,14,0.01941006694803324,Clear,0,2989714
80.963,3,0.018461165422493136,Clear,0,2989715
60.0,22,0.8582048599901084,Critical Risk,1,2989716
411.95,22,0.005562924294686487,Clear,1,2989717
51.0,2,0.03952742978874379,Clear,0,2989718
1629.95,22,0.007519788488664312,Clear,0,2989719
144.99,13,0.008517266351114541,Clear,0,2989720
67.95,6,0.0071420712575167985,Clear,0,2989721
572.39,19,0.014675169289084375,Clear,0,2989722
77.0,19,0.007707349681655531,Clear,0,2989723
35.95,5,0.00491305765731786,Clear,0,2989724
117.0,18,0.037747981475306225,Clear,0,2989725
87.99,12,0.008019547000186979,Clear,0,2989726
59.0,0,0.021177791917409407,Clear,0,2989727
49.0,17,0.010204920153807787,Clear,0,2989728
35.95,23,0.008500074219614975,Clear,0,2989729
82.95,17,0.0042514232878040825,Clear,0,2989730
57.95,3,0.017603272551785256,Clear,0,2989731
29.0,20,0.00792242299305283,Clear,0,2989732
77.0,20,0.02774941351898546,Clear,0,2989733
5.305,4,0.19099788444692836,Clear,0,2989734
59.636,0,0.035086646746689085,Clear,0,2989735
59.0,21,0.031556130100488494,Clear,0,2989736
15.95,18,0.013665540939699839,Clear,0,2989737
59.0,22,0.014612298271346637,Clear,0,2989738
54.0,2,0.009189268979370167,Clear,0,2989739
100.0,20,0.30255673744612377,Clear,0,2989740
107.95,23,0.025776861851108425,Clear,0,2989741
49.0,22,0.009991976644756265,Clear,0,2989742
171.0,17,0.0188247711939687,Clear,0,2989743
49.0,21,0.005673657206293088,Clear,0,2989744
105.95,1,0.07472398650047826,Clear,0,2989745
57.95,17,0.00534627603358495,Clear,0,2989746
59.0,21,0.030053118066778215,Clear,0,2989747
47.95,1,0.002739325875526128,Clear,0,2989748
102.0,2,0.047700845004783124,Clear,0,2989749
250.0,16,0.04832915617805897,Clear,0,2989750
117.0,20,0.010669678222875751,Clear,0,2989751
335.0,15,0.018735131269627853,Clear,0,2989752
107.95,23,0.0054561107926215,Clear,0,2989753
59.0,0,0.011139194709919852,Clear,0,2989754
42.0,0,0.028269571725482306,Clear,1,2989755
60.0,22,0.01794894630343527,Clear,0,2989756
87.95,23,0.003192833427961754,Clear,0,2989757
30.0,18,0.0069768805167820655,Clear,0,2989758
47.95,17,0.015609280885186068,Clear,0,2989759
107.95,3,0.005440881749992974,Clear,0,2989760
30.693,19,0.023976444784886832,Clear,0,2989761
21.0,18,0.04151501095192518,Clear,0,2989762
200.0,18,0.018950864965891955,Clear,0,2989763
26.95,0,0.0041375039371480725,Clear,0,2989764
60.0,15,0.17159471466659895,Clear,1,2989765
57.95,14,0.004411658405483251,Clear,0,2989766
106.0,0,0.004397972129289333,Clear,0,2989767
34.0,4,0.008762420599027458,Clear,0,2989768
311.95,23,0.005257672257925365,Clear,0,2989769
34.5,2,0.007052484534926179,Clear,0,2989770
150.95,20,0.006469166944311975,Clear,0,2989771
50.0,2,0.01319525844450959,Clear,0,2989772
108.5,9,0.03741899622956147,Clear,0,2989773
43.97,14,0.004065886814795126,Clear,0,2989774
11.893,0,0.04367262297286782,Clear,0,2989775
141.0,1,0.23613090958023053,Clear,0,2989776
119.95,14,0.0065793202229110755,Clear,0,2989777
205.95,20,0.008027769567668434,Clear,0,2989778
47.95,5,0.003709072999066922,Clear,0,2989779
48.95,1,0.004704610404749943,Clear,0,2989780
59.0,14,0.03535277824972057,Clear,0,2989781
3.867,16,0.03623446420405637,Clear,0,2989782
50.0,0,0.019744913099792198,Clear,0,2989783
445.0,1,0.08199089291291332,Clear,1,2989784
59.0,18,0.05325809977717151,Clear,0,2989785
6.122,19,0.019221324970743723,Clear,0,2989786
317.5,4,0.006114460741494225,Clear,0,2989787
445.0,22,0.012206795438698872,Clear,0,2989788
40.0,17,0.003183464790295292,Clear,0,2989789
108.5,1,0.012388028149090515,Clear,0,2989790
117.0,22,0.011933832027639845,Clear,0,2989791
226.0,12,0.017588132107164322,Clear,0,2989792
72.0,19,0.022154002225942906,Clear,0,2989793
213.0,13,0.08921047958933874,Clear,0,2989794
59.0,1,0.006482336981418294,Clear,0,2989795
12.36,3,0.9448740035855258,Critical Risk,0,2989796
149.95,14,0.006846660482018905,Clear,0,2989797
50.0,1,0.030907276170272953,Clear,0,2989798
141.0,19,0.030458103615381118,Clear,0,2989799
57.95,17,0.004183670825386323,Clear,0,2989800
100.0,1,0.054952534578209505,Clear,0,2989801
311.95,2,0.00828731665442612,Clear,0,2989802
1039.11,22,0.018239731081753828,Clear,0,2989803
10.176,0,0.034136135020461034,Clear,0,2989804
49.0,0,0.016021192085377806,Clear,0,2989805
29.5,23,0.36973913333420333,Clear,0,2989806
30.0,20,0.01688562409769094,Clear,0,2989807
59.0,22,0.008656720686299078,Clear,0,2989808
226.0,0,0.02141796223813263,Clear,0,2989809
23.608,1,0.038836459096212333,Clear,0,2989810
107.95,20,0.024525137441268014,Clear,1,2989811
67.95,3,0.005685530072643056,Clear,0,2989812
24.54,23,0.016895642067295814,Clear,0,2989813
59.0,0,0.014223886532534773,Clear,0,2989814
49.0,21,0.030467327528340814,Clear,0,2989815
315.0,16,0.052776635382466165,Clear,0,2989816
49.0,23,0.028256775546693372,Clear,0,2989817
17.548,20,0.010215771879206902,Clear,0,2989818
51.5,23,0.012655836332345025,Clear,0,2989819
50.0,17,0.0044041874849500475,Clear,0,2989820
92.99,22,0.017043219801691618,Clear,0,2989821
87.95,16,0.00924212354532887,Clear,0,2989822
117.0,21,0.006600431425211204,Clear,0,2989823
364.95,1,0.013128756718301866,Clear,0,2989824
78.5,21,0.06846786291526212,Clear,0,2989825
107.95,17,0.006886710657102678,Clear,0,2989826
226.0,18,0.07413069300431689,Clear,0,2989827
59.991,13,0.017810508388084526,Clear,1,2989828
57.95,14,0.0035222423512507395,Clear,0,2989829
554.0,16,0.04834369995979941,Clear,0,2989830
54.0,21,0.14581315538631828,Clear,0,2989831
58.95,1,0.014429953307911246,Clear,0,2989832
171.0,1,0.02385966226340464,Clear,0,2989833
48.95,23,0.00435174354863336,Clear,0,2989834
50.0,15,0.009945700602122147,Clear,0,2989835
57.95,19,0.0068346562942748585,Clear,0,2989836
23.145,23,0.011572581807947478,Clear,0,2989837
34.742,0,0.41592387197712677,Suspicious,0,2989838
53.97,15,0.01500407310768406,Clear,0,2989839
21.389,14,0.006143250470408229,Clear,0,2989840
34.0,17,0.011061876384758971,Clear,0,2989841
47.95,2,0.0070841369986856416,Clear,0,2989842
107.95,17,0.007555197134392374,Clear,0,2989843
31.418,2,0.0424964693179908,Clear,0,2989844
125.0,1,0.010230940777254588,Clear,0,2989845
25.0,18,0.005618337724652046,Clear,0,2989846
39.0,19,0.39056958374648204,Clear,0,2989847
236.95,0,0.008397144386202277,Clear,0,2989848
300.0,20,0.01700073209493504,Clear,0,2989849
189.95,13,0.012756826023841395,Clear,0,2989850
20.055,21,0.024072537635486366,Clear,0,2989851
47.95,2,0.0037053548852673973,Clear,0,2989852
50.0,1,0.011511672240691027,Clear,0,2989853
69.95,1,0.02268864785669889,Clear,0,2989854
67.95,11,0.007307558448140293,Clear,0,2989855
59.636,0,0.14294838112841515,Clear,0,2989856
108.5,12,0.01807543737772861,Clear,0,2989857
75.0,0,0.005062420241265041,Clear,0,2989858
41.315,2,0.026318416579546186,Clear,0,2989859
100.0,7,0.01178142524547729,Clear,0,2989860
108.5,15,0.023347464316304672,Clear,0,2989861
10.0,0,0.011921195595723178,Clear,0,2989862
150.0,5,0.8323727545819314,Critical Risk,1,2989863
50.0,8,0.00831942101869883,Clear,0,2989864
25.0,17,0.009183500554070773,Clear,0,2989865
73.97,6,0.011588614051031747,Clear,0,2989866
107.95,22,0.008336165970289026,Clear,0,2989867
107.95,1,0.006020769116420284,Clear,0,2989868
125.825,21,0.27267590345227827,Clear,0,2989869
57.95,16,0.0060324862985761014,Clear,0,2989870
57.95,23,0.007703396986085988,Clear,0,2989871
77.0,16,0.009512683349683129,Clear,0,2989872
31.95,1,0.00580378271383081,Clear,0,2989873
100.0,15,0.00833513083386849,Clear,0,2989874
39.0,2,0.040377724441670815,Clear,0,2989875
107.95,17,0.0050445433284676405,Clear,0,2989876
80.95,1,0.004804696933035002,Clear,0,2989877
107.95,23,0.0051274790566982,Clear,0,2989878
30.95,16,0.01181507784030151,Clear,0,2989879
24.0,23,0.013303401256150057,Clear,0,2989880
50.0,1,0.01235898737825895,Clear,0,2989881
59.0,19,0.014012368438725071,Clear,0,2989882
50.0,18,0.016531446970285964,Clear,0,2989883
159.95,11,0.010890661195110118,Clear,0,2989884
54.0,0,0.022894821542739807,Clear,0,2989885
39.0,18,0.033931490824727434,Clear,0,2989886
35.854,0,0.07456757258154242,Clear,0,2989887
34.5,0,0.00794803924320685,Clear,0,2989888
97.0,16,0.007110995415993368,Clear,0,2989889
25.0,21,0.018067452983601663,Clear,0,2989890
54.0,23,0.017057082186268467,Clear,0,2989891
440.99,17,0.022897927748014232,Clear,0,2989892
35.95,20,0.003814856837033538,Clear,0,2989893
29.0,12,0.010712512984217893,Clear,0,2989894
311.95,21,0.006434023470552787,Clear,0,2989895
84.842,23,0.01728280576933485,Clear,0,2989896
49.0,20,0.05339375708571549,Clear,0,2989897
38.5,22,0.01849215623944264,Clear,0,2989898
364.25,19,0.0071085141521045545,Clear,0,2989899
345.0,16,0.051568248827484155,Clear,0,2989900
67.95,14,0.020674822568339288,Clear,0,2989901
59.0,19,0.010644381973587368,Clear,0,2989902
100.0,14,0.022148666097457147,Clear,0,2989903
57.95,20,0.008171592782582815,Clear,0,2989904
1104.0,15,0.019165199819729566,Clear,0,2989905
56.95,17,0.008254789885626076,Clear,0,2989906
117.0,22,0.0633572250902384,Clear,0,2989907
175.0,23,0.029994019627484297,Clear,0,2989908
25.0,19,0.0047997926046503365,Clear,0,2989909
47.95,4,0.004811479321041455,Clear,0,2989910
30.0,15,0.011405933897899316,Clear,0,2989911
100.0,15,0.006576277396474207,Clear,0,2989912
108.95,23,0.00795168628378604,Clear,0,2989913
100.0,20,0.004660127359491744,Clear,0,2989914
117.0,21,0.0030587187836955236,Clear,0,2989915
30.95,21,0.01295445646626977,Clear,0,2989916
15.858,2,0.00630212796032825,Clear,0,2989917
29.0,0,0.023024903715365464,Clear,0,2989918
29.002,21,0.028673569289082275,Clear,0,2989919
22.97,3,0.013166087074715798,Clear,0,2989920
57.95,1,0.004218666203519146,Clear,0,2989921
100.0,19,0.018163292496475466,Clear,0,2989922
17.257,2,0.02699346933205591,Clear,0,2989923
59.0,18,0.060445950052878436,Clear,0,2989924
49.0,18,0.007578832941827748,Clear,0,2989925
34.0,21,0.015004556600940104,Clear,0,2989926
200.0,23,0.006213889151880847,Clear,0,2989927
100.0,15,0.006670876867712801,Clear,0,2989928
58.95,4,0.01395793878697827,Clear,0,2989929
107.95,13,0.004056026449555292,Clear,0,2989930
35.95,19,0.011643163656404578,Clear,0,2989931
87.95,21,0.015835054429785434,Clear,0,2989932
72.95,17,0.006473643790146082,Clear,0,2989933
100.0,12,0.011783939078416404,Clear,0,2989934
107.95,1,0.007383024306118216,Clear,0,2989935
14.138,16,0.6452947072032894,Suspicious,0,2989936
39.0,23,0.007151079467794433,Clear,0,2989937
49.0,21,0.02100982337117105,Clear,0,2989938
75.0,0,0.017932429087164463,Clear,0,2989939
64.713,21,0.007632704924680794,Clear,0,2989940
39.0,22,0.01119073750340454,Clear,0,2989941
122.367,16,0.04470992111900697,Clear,0,2989942
82.95,22,0.007652593685043633,Clear,0,2989943
100.0,11,0.023489807525603822,Clear,0,2989944
226.0,16,0.0698006108478649,Clear,0,2989945
35.228,17,0.3860201398203042,Clear,0,2989946
29.0,20,0.008530396850908159,Clear,0,2989947
50.0,21,0.010125870996075344,Clear,0,2989948
261.95,1,0.006414706537966917,Clear,0,2989949
46.886,0,0.06444810107996225,Clear,0,2989950
100.0,21,0.08931128294994285,Clear,0,2989951
39.0,17,0.17906882690458126,Clear,0,2989952
57.95,13,0.004944663561078122,Clear,0,2989953
149.95,20,0.0062566498565464245,Clear,0,2989954
107.95,23,0.005369693261339943,Clear,0,2989955
49.0,19,0.008210016757462461,Clear,0,2989956
57.95,11,0.004096497376995348,Clear,0,2989957
35.95,16,0.0056488510538367405,Clear,0,2989958
50.0,3,0.030626021156056865,Clear,0,2989959
50.0,18,0.030848518215865338,Clear,0,2989960
49.0,23,0.05443690515456094,Clear,0,2989961
72.0,18,0.03453031737610143,Clear,0,2989962
39.0,12,0.07037445531530602,Clear,0,2989963
117.0,3,0.016084310274687368,Clear,0,2989964
117.0,20,0.26695755354373807,Clear,1,2989965
88.95,15,0.006702800793642523,Clear,0,2989966
27.97,20,0.03358114169442422,Clear,0,2989967
29.0,23,0.010874543377110728,Clear,0,2989968
198.0,18,0.012789972809918511,Clear,0,2989969
57.95,2,0.0025572525279254337,Clear,0,2989970
87.95,22,0.006389798207664246,Clear,0,2989971
35.95,23,0.004304929096610652,Clear,0,2989972
36.95,1,0.00645963217159567,Clear,0,2989973
50.0,23,0.01103476456853952,Clear,0,2989974
335.0,20,0.12853018676896943,Clear,0,2989975
317.5,18,0.04967060733456729,Clear,0,2989976
311.95,13,0.01030084832580862,Clear,0,2989977
117.0,18,0.00709210260747817,Clear,0,2989978
632.0,3,0.01555971796608257,Clear,0,2989979
150.0,22,0.9864506867636783,Critical Risk,1,2989980
11.0,20,0.030569280603768904,Clear,0,2989981
160.95,15,0.004504502672117482,Clear,0,2989982
117.0,14,0.00911170964684914,Clear,0,2989983
209.95,21,0.006094002107817007,Clear,0,2989984
34.0,15,0.04127207522274945,Clear,0,2989985
59.0,0,0.023251198332653683,Clear,0,2989986
21.51,19,0.05298575322963722,Clear,0,2989987
59.0,20,0.010895758213258305,Clear,0,2989988
135.748,19,0.018288260608332496,Clear,0,2989989
47.95,19,0.0046911332234205495,Clear,0,2989990
542.0,20,0.018567853227762485,Clear,0,2989991
107.95,23,0.005842875828001051,Clear,0,2989992
4.713,4,0.0478463901193754,Clear,0,2989993
226.0,23,0.056352027066266554,Clear,0,2989994
226.0,21,0.03594088354859211,Clear,0,2989995
47.95,11,0.015692302704033746,Clear,0,2989996
39.0,20,0.01525082421417563,Clear,0,2989997
30.95,23,0.007755238263207047,Clear,0,2989998
100.0,16,0.014207674876051967,Clear,0,2989999
225.0,16,0.006065971528312052,Clear,0,2990000
77.0,18,0.01865246910516271,Clear,0,2990001
38.97,23,0.005437132545673254,Clear,0,2990002
105.0,13,0.012264520217186622,Clear,0,2990003
93.95,5,0.005812854783625243,Clear,0,2990004
554.0,18,0.010472349065712767,Clear,0,2990005
59.233,0,0.045797480841788606,Clear,0,2990006
311.95,14,0.022618085219879912,Clear,0,2990007
50.0,2,0.006657626758767604,Clear,0,2990008
20.0,18,0.0045534573888733245,Clear,0,2990009
25.0,5,0.01980384241152869,Clear,0,2990010
994.95,16,0.03122590556621754,Clear,0,2990011
49.0,21,0.03924306301356911,Clear,0,2990012
30.95,17,0.0038520323094986438,Clear,0,2990013
10.844,5,0.03697054573330798,Clear,0,2990014
141.0,20,0.008221997473347375,Clear,0,2990015
34.0,15,0.006440626977337359,Clear,0,2990016
15.158,19,0.016080128062033534,Clear,0,2990017
92.0,17,0.02066632327835878,Clear,0,2990018
35.95,11,0.004699478255047433,Clear,0,2990019
52.95,19,0.0034606986541991474,Clear,0,2990020
50.0,21,0.009911795013559826,Clear,0,2990021
150.0,15,0.07869333491908553,Clear,0,2990022
100.0,0,0.009850747297747714,Clear,0,2990023
41.0,21,0.046197027863960995,Clear,0,2990024
39.0,19,0.013830202065612808,Clear,0,2990025
752.47,22,0.015168887071564413,Clear,0,2990026
68.43,15,0.013812464507211126,Clear,0,2990027
300.0,4,0.012426210565239083,Clear,0,2990028
100.0,19,0.007304067915828003,Clear,0,2990029
57.95,15,0.004068761928385163,Clear,0,2990030
200.0,21,0.017710634290417353,Clear,0,2990031
57.95,17,0.004099240934690219,Clear,0,2990032
92.0,20,0.02552838599445958,Clear,1,2990033
10.99,17,0.011384787706402956,Clear,0,2990034
554.0,19,0.025540904622845553,Clear,0,2990035
117.0,21,0.09890500613343034,Clear,0,2990036
59.0,14,0.059890451779211484,Clear,0,2990037
107.95,12,0.009249593639872803,Clear,0,2990038
54.47,1,0.006617441770511618,Clear,0,2990039
108.95,23,0.02326338636070228,Clear,0,2990040
107.95,2,0.008245982019635587,Clear,0,2990041
50.0,16,0.006005234548148109,Clear,0,2990042
5.8,17,0.01096048574076966,Clear,0,2990043
171.0,14,0.016573447689905735,Clear,0,2990044
57.95,3,0.0048785454630279786,Clear,0,2990045
64.95,19,0.0049201110795976605,Clear,0,2990046
107.95,8,0.003916879124041388,Clear,0,2990047
26.95,19,0.003935541916342018,Clear,0,2990048
32.356,16,0.0406981877456506,Clear,0,2990049
270.0,1,0.02009864773865739,Clear,0,2990050
30.95,23,0.005980141645122106,Clear,0,2990051
62.381,4,0.3380488463374797,Clear,0,2990052
17.03,1,0.008668385102082028,Clear,0,2990053
39.0,17,0.009712031524923842,Clear,0,2990054
29.0,14,0.03137623177238082,Clear,0,2990055
943.27,17,0.0148638289381001,Clear,0,2990056
118.02,14,0.0212637709315455,Clear,0,2990057
107.95,23,0.022677118179939317,Clear,0,2990058
50.0,15,0.004017453965741364,Clear,0,2990059
100.0,20,0.0035833407905012196,Clear,0,2990060
117.0,19,0.008923625472496432,Clear,0,2990061
46.11,14,0.9096061345030393,Critical Risk,1,2990062
36.95,19,0.005937194463227711,Clear,0,2990063
31.95,22,0.007578373662911754,Clear,0,2990064
54.5,15,0.02500802384261307,Clear,0,2990065
67.95,21,0.016160529470028332,Clear,0,2990066
105.95,15,0.0038496540890937203,Clear,0,2990067
8.0,20,0.013287163729807337,Clear,0,2990068
25.95,23,0.008022705450934833,Clear,0,2990069
57.95,1,0.003560387706779002,Clear,0,2990070
374.95,16,0.008026409654403417,Clear,0,2990071
75.0,21,0.06001286371090071,Clear,0,2990072
21.95,15,0.008427575701233323,Clear,0,2990073
226.0,20,0.05340150084177669,Clear,0,2990074
57.95,15,0.007545895846623839,Clear,0,2990075
77.95,11,0.004810760326929658,Clear,0,2990076
70.0,22,0.012439650955151876,Clear,0,2990077
422.5,20,0.11010208188760745,Clear,0,2990078
18.851,2,0.00771474976726327,Clear,0,2990079
39.0,13,0.028622266198994353,Clear,0,2990080
260.0,14,0.00705074851957484,Clear,0,2990081
117.0,20,0.035246589061882626,Clear,0,2990082
146.0,19,0.007652619198867701,Clear,0,2990083
30.95,22,0.004004080875880212,Clear,0,2990084
67.95,7,0.010753511638566752,Clear,0,2990085
34.0,3,0.029175421640457673,Clear,0,2990086
108.95,18,0.014579702427600252,Clear,0,2990087
97.0,16,0.012880002651106904,Clear,0,2990088
117.0,20,0.04946546123224636,Clear,0,2990089
44.95,13,0.006640549575886843,Clear,0,2990090
58.95,3,0.0058974494887570235,Clear,0,2990091
71.95,23,0.006783311139133344,Clear,0,2990092
200.0,16,0.009147863796199427,Clear,0,2990093
15.528,1,0.010635056686498558,Clear,0,2990094
57.95,4,0.010142879103455012,Clear,0,2990095
161.0,17,0.08274995590310502,Clear,0,2990096
59.0,14,0.00845756325041493,Clear,0,2990097
59.759,16,0.012932935377828511,Clear,0,2990098
77.0,20,0.02705731033633524,Clear,0,2990099
78.95,12,0.0030512048458994803,Clear,0,2990100
117.0,23,0.008148198127658705,Clear,0,2990101
43.282,4,0.010220901771530963,Clear,0,2990102
57.95,3,0.00343442119017675,Clear,0,2990103
57.95,12,0.0047046635754654535,Clear,0,2990104
226.0,19,0.05137590059578793,Clear,0,2990105
50.0,2,0.007553769469569177,Clear,0,2990106
42.898,22,0.005434870961334786,Clear,0,2990107
100.0,21,0.009364554726212438,Clear,0,2990108
58.95,21,0.004649360063838267,Clear,0,2990109
59.0,22,0.00403111112085382,Clear,0,2990110
68.97,16,0.018389398270384955,Clear,0,2990111
24.99,17,0.03167462742619167,Clear,0,2990112
59.0,8,0.03211896489727769,Clear,0,2990113
226.0,11,0.040513908752082516,Clear,0,2990114
44.0,13,0.013085510543597188,Clear,0,2990115
50.0,14,0.01520854900631929,Clear,0,2990116
57.95,6,0.029557779521522054,Clear,0,2990117
26.95,2,0.004836609775545444,Clear,0,2990118
100.0,5,0.015234573292074761,Clear,0,2990119
209.95,9,0.005508159554319601,Clear,0,2990120
38.012,22,0.005754972721698417,Clear,0,2990121
150.0,19,0.009826071011691778,Clear,0,2990122
511.95,1,0.010310091701060559,Clear,0,2990123
20.0,3,0.029476416497686574,Clear,0,2990124
67.95,11,0.009386956390478998,Clear,0,2990125
209.95,0,0.03388731298159386,Clear,0,2990126
88.95,23,0.01391855079098826,Clear,0,2990127
87.95,16,0.04310423133748536,Clear,0,2990128
107.95,21,0.028695824133363003,Clear,0,2990129
107.95,23,0.0027184341933654335,Clear,0,2990130
149.95,20,0.020923978482887847,Clear,0,2990131
20.042,19,0.04411414132454905,Clear,0,2990132
35.95,19,0.005064591219328891,Clear,0,2990133
107.95,12,0.008693760012127509,Clear,0,2990134
47.95,21,0.014993086982896621,Clear,0,2990135
57.95,17,0.00406983539404317,Clear,0,2990136
48.95,13,0.004630696989293925,Clear,0,2990137
57.95,2,0.004513249827518687,Clear,0,2990138
107.95,12,0.012599576657128858,Clear,0,2990139
125.0,17,0.013261877833734175,Clear,0,2990140
247.91,23,0.03962374875816358,Clear,0,2990141
100.0,22,0.003964623521157393,Clear,0,2990142
47.611,3,0.021002588846783393,Clear,0,2990143
100.0,16,0.008352087324597017,Clear,0,2990144
13.875,1,0.01248571392590654,Clear,0,2990145
43.958,6,0.1189878094271081,Clear,0,2990146
39.0,21,0.013182509911409662,Clear,0,2990147
117.0,16,0.010016791965071272,Clear,0,2990148
59.0,12,0.004917988351007168,Clear,0,2990149
25.0,13,0.013372349597893162,Clear,0,2990150
54.5,15,0.007078312191847757,Clear,0,2990151
3.935,20,0.020265195689295107,Clear,0,2990152
50.0,15,0.032669722262385424,Clear,0,2990153
73.35,13,0.051740113364395206,Clear,0,2990154
67.95,1,0.015141669268822353,Clear,0,2990155
724.0,20,0.08855483539712336,Clear,0,2990156
750.0,18,0.07719660446662771,Clear,0,2990157
59.0,20,0.005626194064231527,Clear,0,2990158
21.995,1,0.01484553674881126,Clear,0,2990159
12.826,15,0.011978586932039355,Clear,0,2990160
59.0,21,0.00855341417528198,Clear,0,2990161
500.0,2,0.039053627665099254,Clear,0,2990162
41.043,22,0.04944575022295393,Clear,0,2990163
33.872,3,0.011639060567671881,Clear,0,2990164
35.95,15,0.0038739240023394498,Clear,0,2990165
117.0,22,0.015530674844791016,Clear,0,2990166
27.915,18,0.14557846587380652,Clear,0,2990167
135.95,22,0.00922243369675355,Clear,0,2990168
100.0,22,0.006490005982279106,Clear,0,2990169
99.95,20,0.010280816149119678,Clear,0,2990170
171.0,18,0.017721219333472513,Clear,0,2990171
35.95,1,0.00782551814340956,Clear,0,2990172
261.95,0,0.0071319743808774825,Clear,0,2990173
77.95,17,0.007277795675844934,Clear,0,2990174
213.0,15,0.017648721562002354,Clear,0,2990175
107.95,22,0.009152195620063823,Clear,0,2990176
54.0,23,0.049625573763626786,Clear,0,2990177
11.963,16,0.9951559843448241,Critical Risk,1,2990178
48.95,20,0.009175926398523881,Clear,0,2990179
944.95,21,0.02664434503947324,Clear,0,2990180
1174.0,20,0.06065032876216024,Clear,0,2990181
50.0,16,0.016660882221026112,Clear,0,2990182
44.5,21,0.014377270664881876,Clear,0,2990183
445.0,19,0.013689084621530996,Clear,0,2990184
30.374,1,0.008582779383624992,Clear,0,2990185
424.16,4,0.006260942802243878,Clear,0,2990186
58.95,0,0.0044594287655719675,Clear,0,2990187
30.0,2,0.008238739498347292,Clear,0,2990188
150.0,22,0.03367479938118572,Clear,0,2990189
59.0,19,0.010024847875871283,Clear,0,2990190
77.0,1,0.05116758141234675,Clear,0,2990191
200.0,19,0.09724433695569977,Clear,0,2990192
10.0,0,0.005449448093205474,Clear,0,2990193
59.0,17,0.0075879148786894895,Clear,0,2990194
250.0,18,0.04538688827105567,Clear,0,2990195
29.0,22,0.718768996261203,Suspicious,1,2990196
600.0,22,0.30055330635188404,Clear,0,2990197
25.95,18,0.004564289776940768,Clear,0,2990198
54.5,3,0.014201925635739047,Clear,0,2990199
85.0,1,0.007238323691351311,Clear,0,2990200
49.0,20,0.009551688376670083,Clear,0,2990201
150.0,21,0.014729453058458544,Clear,0,2990202
57.95,2,0.004755517554072393,Clear,0,2990203
40.0,0,0.0050439594425293645,Clear,0,2990204
50.0,19,0.015967302465995165,Clear,0,2990205
40.0,16,0.01380578449828554,Clear,0,2990206
82.95,17,0.004735399493247701,Clear,0,2990207
25.95,14,0.005135294454661159,Clear,0,2990208
311.95,2,0.008407049395614125,Clear,0,2990209
58.95,20,0.006531270010816554,Clear,0,2990210
52.47,20,0.030857537847044997,Clear,0,2990211
100.0,3,0.009004724675490652,Clear,0,2990212
59.0,14,0.016527915839732135,Clear,0,2990213
83.859,18,0.9854262748912865,Critical Risk,1,2990214
40.0,17,0.2337282267080122,Clear,0,2990215
77.0,20,0.011406799729436487,Clear,0,2990216
159.95,19,0.008804471234706629,Clear,0,2990217
8.459,10,0.03846211149803654,Clear,0,2990218
26.041,17,0.012866173842331246,Clear,0,2990219
204.97,1,0.006485064522317587,Clear,0,2990220
104.47,15,0.007275480731666763,Clear,0,2990221
39.0,4,0.012850098455353464,Clear,0,2990222
39.0,17,0.0061747026380109555,Clear,0,2990223
118.964,4,0.03485287775171207,Clear,0,2990224
59.0,22,0.031286827298575466,Clear,0,2990225
59.0,22,0.008906259761806638,Clear,0,2990226
233.463,22,0.9502712919740235,Critical Risk,1,2990227
39.0,22,0.01088983817046241,Clear,0,2990228
11.989,15,0.4277711304881264,Suspicious,0,2990229
30.95,23,0.005592473371392357,Clear,0,2990230
75.0,18,0.0066638513219593395,Clear,0,2990231
34.5,21,0.18730389678418718,Clear,1,2990232
47.95,5,0.005154407976734443,Clear,0,2990233
100.0,2,0.009987657517046444,Clear,0,2990234
107.95,16,0.004761128158787751,Clear,0,2990235
57.95,1,0.008658794054877066,Clear,0,2990236
5.256,18,0.01917266962877765,Clear,0,2990237
26.5,8,0.00903391127487214,Clear,0,2990238
58.44,22,0.003906713912477274,Clear,0,2990239
49.0,18,0.10827399885969068,Clear,0,2990240
59.0,6,0.011207495236326614,Clear,0,2990241
82.95,0,0.015493192116885112,Clear,0,2990242
100.0,14,0.012941388837584037,Clear,0,2990243
58.95,19,0.008091850217401698,Clear,0,2990244
209.95,0,0.010687466738666775,Clear,0,2990245
390.0,21,0.01737489422904943,Clear,0,2990246
73.95,19,0.007180955178857196,Clear,0,2990247
107.95,19,0.01328828126601996,Clear,0,2990248
40.0,17,0.008939128695452015,Clear,0,2990249
108.756,17,0.6757911910127882,Suspicious,1,2990250
100.0,8,0.035852302959006384,Clear,0,2990251
25.0,19,0.05328791598986866,Clear,0,2990252
108.5,18,0.0071499714211421235,Clear,0,2990253
171.0,17,0.013922272928145784,Clear,0,2990254
59.0,0,0.01607613111004794,Clear,0,2990255
8.238,21,0.03319782212872423,Clear,0,2990256
1209.15,16,0.014870676651041923,Clear,0,2990257
28.275,18,0.05656098012876717,Clear,0,2990258
331.95,14,0.0076267219662653615,Clear,0,2990259
30.95,14,0.0029419578112466387,Clear,0,2990260
57.95,20,0.004371351205973762,Clear,0,2990261
100.0,4,0.01856547735054189,Clear,0,2990262
56.5,22,0.009122781722763457,Clear,0,2990263
50.0,1,0.006004993404194767,Clear,0,2990264
92.99,17,0.0126510563207922,Clear,0,2990265
25.0,15,0.0053534563236487765,Clear,0,2990266
206.0,20,0.036424226778564495,Clear,0,2990267
58.95,1,0.004338727294251363,Clear,0,2990268
20.95,1,0.005734773619945177,Clear,0,2990269
171.0,0,0.036535021730328056,Clear,0,2990270
306.76,21,0.014815193313229004,Clear,0,2990271
117.0,0,0.020100136755042314,Clear,0,2990272
97.0,16,0.027814314648253853,Clear,0,2990273
39.0,17,0.006077843953282434,Clear,0,2990274
108.95,20,0.015375114103147021,Clear,0,2990275
424.34,17,0.01647927068596414,Clear,0,2990276
49.0,19,0.00481740872518991,Clear,0,2990277
25.95,11,0.010820361946807786,Clear,0,2990278
20.95,13,0.006357426651189601,Clear,0,2990279
105.0,8,0.023977543610915704,Clear,0,2990280
34.0,18,0.04053838856146608,Clear,0,2990281
54.0,18,0.009721394250052008,Clear,0,2990282
100.0,23,0.08325201377030685,Clear,0,2990283
34.0,22,0.014350356173026645,Clear,0,2990284
614.0,22,0.07361037664329517,Clear,0,2990285
59.0,1,0.018642716491552608,Clear,0,2990286
117.0,23,0.02962202479691691,Clear,1,2990287
125.0,23,0.010203699879146542,Clear,0,2990288
200.0,22,0.01014100939025817,Clear,0,2990289
50.0,14,0.024712621334740996,Clear,0,2990290
59.0,1,0.01617850529548788,Clear,0,2990291
75.0,3,0.011268458811138044,Clear,0,2990292
106.0,12,0.006962780733297755,Clear,0,2990293
117.0,18,0.028313521253491604,Clear,0,2990294
50.0,23,0.0030546683180087287,Clear,0,2990295
2903.7,17,0.010423011072521042,Clear,0,2990296
44.0,16,0.2556248441244125,Clear,0,2990297
200.0,16,0.009946285981304,Clear,0,2990298
117.0,14,0.05019997415107087,Clear,0,2990299
100.0,20,0.19766253394029398,Clear,0,2990300
34.5,20,0.01605380166432483,Clear,0,2990301
75.404,22,0.04739400389165874,Clear,0,2990302
59.0,22,0.01011940652473173,Clear,0,2990303
110.77,0,0.07934223894933222,Clear,0,2990304
35.95,2,0.00341701432011473,Clear,0,2990305
23.087,2,0.25245513955361487,Clear,0,2990306
28.95,19,0.003601706371926038,Clear,0,2990307
97.07,3,0.966462849927707,Critical Risk,1,2990308
226.0,23,0.056280085362475134,Clear,0,2990309
55.0,23,0.006552180953496289,Clear,0,2990310
107.95,19,0.011141306038708002,Clear,0,2990311
1529.75,17,0.022483890972240708,Clear,0,2990312
59.0,21,0.019691755726837946,Clear,0,2990313
51.236,23,0.012330001369062723,Clear,0,2990314
1181.7,22,0.024970320516638677,Clear,0,2990315
49.0,18,0.007104845274609334,Clear,0,2990316
29.0,21,0.06026038650529381,Clear,0,2990317
117.0,20,0.008103390247495281,Clear,0,2990318
47.95,1,0.003785925902182486,Clear,0,2990319
39.0,14,0.009811691087922717,Clear,0,2990320
102.0,18,0.02071019768343144,Clear,0,2990321
15.0,21,0.027645641273044926,Clear,0,2990322
49.0,21,0.040160063527326206,Clear,0,2990323
84.535,2,0.17091852748071443,Clear,0,2990324
30.95,16,0.004178347397146075,Clear,0,2990325
82.95,15,0.030521152735641602,Clear,0,2990326
150.0,17,0.07275577867131171,Clear,0,2990327
159.53,0,0.014941296076728176,Clear,0,2990328
59.0,18,0.009630681336464499,Clear,0,2990329
226.0,15,0.006268186360992567,Clear,0,2990330
200.0,19,0.013140294024308587,Clear,0,2990331
100.0,18,0.01933927670843321,Clear,0,2990332
49.0,0,0.008627984882279817,Clear,0,2990333
54.0,18,0.06258304046319127,Clear,0,2990334
67.95,11,0.007974933348646566,Clear,0,2990335
107.0,18,0.06215236172945644,Clear,0,2990336
3.566,22,0.903934963912541,Critical Risk,0,2990337
117.0,19,0.029929523138307105,Clear,0,2990338
100.0,21,0.08057950395324572,Clear,0,2990339
129.97,15,0.009053043506234345,Clear,0,2990340
500.0,16,0.0076733153165467905,Clear,0,2990341
87.0,14,0.0172841859630389,Clear,0,2990342
100.0,20,0.027121270320514,Clear,0,2990343
416.92,18,0.010709256223619996,Clear,0,2990344
54.919,21,0.0871155368079338,Clear,1,2990345
107.95,14,0.006122488640383639,Clear,0,2990346
59.0,3,0.011752205496819804,Clear,0,2990347
50.0,21,0.034556640944593084,Clear,0,2990348
107.95,16,0.008710576083205763,Clear,0,2990349
163.277,23,0.07096850373190006,Clear,0,2990350
59.0,1,0.016245341053772677,Clear,0,2990351
200.0,20,0.09757367166208342,Clear,0,2990352
18.773,23,0.04529462047970315,Clear,0,2990353
250.0,17,0.028654575836942486,Clear,0,2990354
67.95,20,0.006499422006040697,Clear,0,2990355
59.0,1,0.04943434661607301,Clear,0,2990356
25.95,16,0.003846669259080836,Clear,0,2990357
24.99,21,0.009253777040643413,Clear,0,2990358
15.0,2,0.010322024859059958,Clear,0,2990359
51.72,11,0.13242007103579742,Clear,0,2990360
390.0,23,0.0942373343068271,Clear,0,2990361
750.0,17,0.14687170238564157,Clear,0,2990362
23.201,4,0.7141668274470426,Suspicious,0,2990363
29.0,14,0.009912476032058117,Clear,0,2990364
117.0,21,0.0068653539409713315,Clear,0,2990365
32.0,12,0.04982976454976303,Clear,0,2990366
39.0,21,0.012175860126760087,Clear,0,2990367
200.0,19,0.0069523055405167206,Clear,0,2990368
43.97,23,0.003477482279108725,Clear,0,2990369
48.95,17,0.01229249489146903,Clear,0,2990370
67.95,21,0.007025315310881416,Clear,0,2990371
67.95,16,0.004277356596983623,Clear,0,2990372
27.174,18,0.6828499715357051,Suspicious,0,2990373
35.95,0,0.004315041621868102,Clear,0,2990374
335.0,17,0.03851162659864899,Clear,0,2990375
40.0,3,0.15335517340203508,Clear,0,2990376
25.0,22,0.00977109645985657,Clear,0,2990377
525.0,5,0.01605141163883275,Clear,0,2990378
8.745,4,0.010090670975545358,Clear,0,2990379
103.97,15,0.004856649963818102,Clear,0,2990380
100.0,14,0.02148002786616944,Clear,0,2990381
57.95,15,0.0077288470896033,Clear,0,2990382
150.0,1,0.007317985221101162,Clear,0,2990383
35.95,18,0.10178828236055462,Clear,0,2990384
117.0,19,0.01509737219290564,Clear,0,2990385
47.95,0,0.004398015569453281,Clear,0,2990386
77.0,20,0.013366696569928938,Clear,0,2990387
53.97,23,0.00436081106979902,Clear,0,2990388
27.97,17,0.004018807577452895,Clear,0,2990389
317.5,18,0.045646029752579295,Clear,0,2990390
29.0,19,0.005143575816935189,Clear,0,2990391
67.95,18,0.01614677315260015,Clear,0,2990392
206.0,18,0.12690139938840975,Clear,0,2990393
77.0,16,0.016699937238581517,Clear,0,2990394
100.0,2,0.02111543158882459,Clear,0,2990395
343.41,21,0.016027378245480367,Clear,0,2990396
40.95,22,0.0043894945932112135,Clear,0,2990397
25.0,22,0.0037042124584626417,Clear,0,2990398
40.0,12,0.00939846842924159,Clear,0,2990399
117.0,15,0.004423533743092682,Clear,0,2990400
349.95,19,0.012046022480089343,Clear,0,2990401
65.0,15,0.02270173256490935,Clear,0,2990402
44.0,19,0.016781251504154045,Clear,0,2990403
54.5,15,0.009220046800020847,Clear,0,2990404
107.95,12,0.005573817788610131,Clear,0,2990405
335.0,1,0.014006122051815595,Clear,0,2990406
108.95,20,0.007033407916228252,Clear,0,2990407
57.95,14,0.0034544318585499507,Clear,0,2990408
49.0,1,0.011237017340259472,Clear,0,2990409
57.95,0,0.007319047389365586,Clear,0,2990410
150.0,20,0.012783541586156535,Clear,0,2990411
150.0,19,0.05660552917244101,Clear,0,2990412
39.0,5,0.007011785198378861,Clear,0,2990413
27.189,16,0.01758602917902206,Clear,0,2990414
44.0,18,0.04420366606793664,Clear,0,2990415
100.0,15,0.006584949997772727,Clear,0,2990416
77.0,14,0.016796960982706926,Clear,0,2990417
59.0,19,0.013819501237000747,Clear,0,2990418
104.516,0,0.1509673105815142,Clear,0,2990419
54.0,12,0.018027606829539067,Clear,0,2990420
159.95,18,0.004439750760422083,Clear,0,2990421
57.95,22,0.007950054806840013,Clear,0,2990422
11.5,20,0.07718675223359589,Clear,0,2990423
82.95,14,0.007187694355928636,Clear,0,2990424
49.0,22,0.015822867892127914,Clear,0,2990425
87.0,16,0.038490537459454015,Clear,0,2990426
48.95,22,0.003660627802958885,Clear,0,2990427
209.95,16,0.004541264741798664,Clear,0,2990428
117.0,22,0.022239260175316765,Clear,0,2990429
45.474,23,0.01478591072139448,Clear,0,2990430
57.95,15,0.007251530625306472,Clear,0,2990431
100.0,15,0.009390034538046047,Clear,0,2990432
49.0,21,0.010392639620579998,Clear,0,2990433
58.95,0,0.01500434074168095,Clear,0,2990434
22.537,4,0.05421068354139784,Clear,0,2990435
67.95,3,0.011534621212960058,Clear,0,2990436
8.459,1,0.016932294708252384,Clear,0,2990437
108.5,19,0.01963344620110493,Clear,1,2990438
100.0,13,0.12216034999718703,Clear,0,2990439
500.0,9,0.2285145481069114,Clear,0,2990440
82.95,22,0.01119485136540256,Clear,0,2990441
250.0,22,0.05938511889360352,Clear,0,2990442
250.0,2,0.014332784434124396,Clear,0,2990443
437.0,1,0.017993713117335677,Clear,0,2990444
26.31,18,0.00373607256816786,Clear,0,2990445
186.0,20,0.028713117880877777,Clear,0,2990446
107.95,20,0.05258035533810118,Clear,1,2990447
554.0,19,0.028540043103731316,Clear,0,2990448
100.0,20,0.059539474167173784,Clear,0,2990449
231.31,16,0.005204032258412224,Clear,0,2990450
25.95,13,0.008511498876639042,Clear,0,2990451
97.0,18,0.050879852291298794,Clear,0,2990452
265.0,3,0.0230307758764525,Clear,0,2990453
100.0,0,0.017152207352245895,Clear,0,2990454
335.0,18,0.2011748337463209,Clear,1,2990455
125.0,14,0.005068480976088535,Clear,0,2990456
50.0,12,0.0037555794273439035,Clear,0,2990457
59.0,3,0.011272988329081563,Clear,0,2990458
117.0,17,0.009270057507932493,Clear,0,2990459
29.0,20,0.005946501882722294,Clear,0,2990460
39.0,21,0.005899380685159376,Clear,0,2990461
171.0,23,0.10608494379564601,Clear,1,2990462
5.0,19,0.0070486182283848176,Clear,0,2990463
15.0,19,0.008551091856203256,Clear,0,2990464
100.0,18,0.04508079203720337,Clear,0,2990465
107.95,15,0.011061575259883197,Clear,0,2990466
82.95,0,0.0030378030325281546,Clear,0,2990467
268.0,22,0.1477668641100257,Clear,0,2990468
117.0,6,0.01839628722935222,Clear,0,2990469
25.0,0,0.009640102739259745,Clear,0,2990470
100.0,23,0.009359538755101275,Clear,0,2990471
77.0,20,0.05866115187802249,Clear,1,2990472
108.95,1,0.006320829307439714,Clear,0,2990473
59.0,15,0.020435477956715117,Clear,0,2990474
47.95,22,0.0051480731503576104,Clear,0,2990475
35.966,23,0.7258904311034636,Suspicious,1,2990476
108.95,15,0.0027675998908126063,Clear,0,2990477
51.84,2,0.06270252786401206,Clear,0,2990478
49.0,19,0.010723510646969666,Clear,0,2990479
234.97,15,0.016283367939390357,Clear,0,2990480
59.0,13,0.030022354045697915,Clear,0,2990481
5.072,12,0.01560065661727465,Clear,0,2990482
269.95,23,0.01363390442532828,Clear,0,2990483
57.95,4,0.004042967406101581,Clear,0,2990484
25.0,0,0.004990394435946704,Clear,0,2990485
87.95,16,0.03937059596346303,Clear,0,2990486
49.0,0,0.014517627235291087,Clear,0,2990487
117.0,15,0.011104976759881272,Clear,0,2990488
250.0,1,0.006296939971519106,Clear,0,2990489
6.646,15,0.01140696341472428,Clear,0,2990490
11.194,17,0.03213106228643161,Clear,0,2990491
30.0,13,0.016894967743900344,Clear,0,2990492
209.95,16,0.004284271997940953,Clear,1,2990493
25.95,19,0.005295424692405294,Clear,0,2990494
113.0,19,0.005967094044511979,Clear,0,2990495
44.47,4,0.003935559320080279,Clear,0,2990496
226.0,17,0.0233985213368805,Clear,0,2990497
117.0,7,0.01994454665651,Clear,0,2990498
117.0,22,0.011083114942848067,Clear,0,2990499
176.0,1,0.023374073108974103,Clear,0,2990500
209.95,3,0.012510781283769467,Clear,0,2990501
158.95,5,0.008760825244737086,Clear,0,2990502
200.0,3,0.03217168792762366,Clear,0,2990503
317.5,17,0.1479185216350888,Clear,0,2990504
34.0,0,0.006943865990208576,Clear,0,2990505
159.95,1,0.010862854282059761,Clear,0,2990506
72.95,18,0.007679461262975706,Clear,0,2990507
25.95,13,0.01667137862264136,Clear,0,2990508
67.95,20,0.005601950987828678,Clear,0,2990509
117.0,6,0.018537229468561463,Clear,0,2990510
107.95,4,0.016703139052753908,Clear,0,2990511
107.95,15,0.007200399308304197,Clear,0,2990512
44.0,8,0.008669213037095194,Clear,0,2990513
364.95,22,0.019928417762824727,Clear,0,2990514
34.0,18,0.01410462605181312,Clear,0,2990515
100.0,16,0.006954558375258374,Clear,0,2990516
26.947,1,0.019253490961370245,Clear,0,2990517
25.0,1,0.007683358205696926,Clear,0,2990518
34.0,20,0.007200968231816164,Clear,0,2990519
315.0,0,0.03285946478463188,Clear,0,2990520
29.5,12,0.013136782173173732,Clear,0,2990521
28.95,13,0.00865075166025562,Clear,0,2990522
24.0,19,0.0396667200584792,Clear,0,2990523
113.0,22,0.02668524701115771,Clear,0,2990524
25.95,14,0.004713153591401919,Clear,0,2990525
44.0,20,0.011709875120977434,Clear,0,2990526
67.95,21,0.005167150358837366,Clear,0,2990527
59.0,18,0.008184997273785305,Clear,0,2990528
209.95,14,0.005568564910923771,Clear,0,2990529
100.0,0,0.08023933551435883,Clear,1,2990530
29.0,23,0.014996826116096902,Clear,0,2990531
300.0,3,0.0214596276511915,Clear,0,2990532
98.95,17,0.015541363091237026,Clear,0,2990533
54.5,2,0.05121678342705077,Clear,0,2990534
105.0,15,0.007957224268103162,Clear,0,2990535
49.0,21,0.005631214707262639,Clear,0,2990536
210.95,17,0.005361095893186104,Clear,0,2990537
108.5,16,0.012780475868475883,Clear,0,2990538
54.5,19,0.027844851166348245,Clear,0,2990539
100.0,1,0.05616360627260465,Clear,0,2990540
59.0,14,0.010013910382191262,Clear,0,2990541
82.957,18,0.03184009521681306,Clear,0,2990542
30.95,23,0.0030908720276655154,Clear,0,2990543
500.0,18,0.03679600367387034,Clear,0,2990544
77.95,19,0.0067319778358734105,Clear,0,2990545
97.0,23,0.011501534301959857,Clear,0,2990546
138.0,20,0.027889171086545362,Clear,0,2990547
54.0,19,0.7839408206883948,Critical Risk,1,2990548
204.0,20,0.033866136727849404,Clear,0,2990549
117.0,17,0.036358698994972176,Clear,0,2990550
49.0,20,0.027145407233428905,Clear,0,2990551
200.0,19,0.017767870881666384,Clear,0,2990552
47.95,15,0.003777541170149881,Clear,0,2990553
107.0,0,0.0044002034249083655,Clear,0,2990554
107.95,13,0.00779034963081657,Clear,0,2990555
93.513,14,0.015968618906557756,Clear,0,2990556
97.95,19,0.005492367385497164,Clear,0,2990557
47.95,19,0.005176999712993537,Clear,0,2990558
59.0,21,0.013128348883847571,Clear,0,2990559
62.95,11,0.0050821882739663276,Clear,0,2990560
24.1,22,0.049684157725004334,Clear,0,2990561
141.0,19,0.060771176291413674,Clear,0,2990562
126.0,15,0.030345454111796722,Clear,0,2990563
77.0,21,0.019507632237622176,Clear,0,2990564
722.0,22,0.07007397381578062,Clear,0,2990565
48.43,20,0.011410376667808081,Clear,0,2990566
117.0,20,0.006910681011456917,Clear,0,2990567
35.95,2,0.006282718317041989,Clear,0,2990568
20.522,9,0.02362276142115096,Clear,0,2990569
28.95,2,0.012991511341477708,Clear,0,2990570
49.0,19,0.017510360249906615,Clear,0,2990571
8.641,14,0.04123258633429233,Clear,0,2990572
107.95,23,0.004751399142100231,Clear,0,2990573
108.95,18,0.006802025177547899,Clear,0,2990574
57.95,15,0.003874499626091033,Clear,0,2990575
29.0,23,0.005982253765399294,Clear,0,2990576
29.0,13,0.028337924830996557,Clear,0,2990577
1541.0,22,0.03595168878949431,Clear,0,2990578
30.95,6,0.009920296542605768,Clear,0,2990579
47.95,20,0.007158305475298246,Clear,0,2990580
117.0,18,0.007925356583668646,Clear,0,2990581
77.0,22,0.00803605584952431,Clear,0,2990582
49.0,19,0.02129252791749959,Clear,0,2990583
60.42,20,0.970851215977242,Critical Risk,1,2990584
15.739,21,0.21510901201880125,Clear,0,2990585
37.0,1,0.010400572951774047,Clear,0,2990586
117.0,3,0.01597521140711351,Clear,0,2990587
14.14,22,0.011138032569495583,Clear,0,2990588
117.0,15,0.004051072111652769,Clear,0,2990589
664.0,18,0.06502231808088417,Clear,0,2990590
33.47,11,0.005472345109351329,Clear,0,2990591
614.0,2,0.03880389255920974,Clear,0,2990592
1753.71,19,0.012506479625198305,Clear,0,2990593
39.99,0,0.010566877507762392,Clear,0,2990594
117.0,20,0.009448608881455692,Clear,0,2990595
29.5,4,0.008121467617479092,Clear,0,2990596
150.0,13,0.036017418765862494,Clear,0,2990597
30.0,20,0.014361003485157075,Clear,0,2990598
47.95,17,0.0077779549281642765,Clear,0,2990599
117.0,11,0.005265235216292339,Clear,0,2990600
311.95,21,0.009118317778213111,Clear,0,2990601
50.0,10,0.012881008031760136,Clear,0,2990602
75.0,15,0.011879806750404317,Clear,0,2990603
141.0,13,0.030464592006429484,Clear,0,2990604
57.95,20,0.011500072408364955,Clear,0,2990605
250.0,14,0.10836384968067102,Clear,0,2990606
34.0,17,0.00754320894058846,Clear,0,2990607
25.95,13,0.004117799507541407,Clear,0,2990608
25.739,6,0.0557895783303254,Clear,0,2990609
117.0,15,0.010169504282043985,Clear,0,2990610
30.95,23,0.0042257579201263286,Clear,0,2990611
40.0,1,0.00878531720139214,Clear,0,2990612
87.0,8,0.05227425294628945,Clear,0,2990613
50.0,22,0.004849346749092202,Clear,0,2990614
24.0,22,0.013795667665223492,Clear,0,2990615
59.0,0,0.013727531577558991,Clear,0,2990616
49.0,2,0.014265939545860104,Clear,0,2990617
107.95,18,0.0040597825325014904,Clear,0,2990618
57.95,20,0.0059254024238194385,Clear,0,2990619
78.97,20,0.00674235255685504,Clear,0,2990620
117.0,0,0.009660448652435684,Clear,0,2990621
61.915,10,0.018310454457467238,Clear,0,2990622
49.0,22,0.042079837664604665,Clear,0,2990623
50.0,21,0.014982276618194328,Clear,0,2990624
44.0,23,0.014979408823075536,Clear,0,2990625
117.0,5,0.1027712768684268,Clear,0,2990626
97.95,23,0.004900528888774559,Clear,0,2990627
335.0,12,0.08453876985835854,Clear,0,2990628
16.918,0,0.011410293908713669,Clear,0,2990629
47.95,2,0.002999788853719065,Clear,0,2990630
261.95,4,0.009830509343380719,Clear,0,2990631
58.95,14,0.03144513481174288,Clear,0,2990632
87.95,18,0.011027078747692938,Clear,0,2990633
219.95,17,0.016431828648823865,Clear,0,2990634
36.95,22,0.012329752884641575,Clear,0,2990635
335.0,22,0.1380548129419627,Clear,0,2990636
226.0,5,0.04445360681238613,Clear,0,2990637
49.0,0,0.34074497637442847,Clear,0,2990638
8.942,15,0.010126472428453381,Clear,0,2990639
160.5,21,0.016786492324184443,Clear,0,2990640
105.0,21,0.02703459029798368,Clear,0,2990641
59.0,18,0.007200380590113551,Clear,0,2990642
100.0,14,0.012525973513842605,Clear,0,2990643
50.0,21,0.013784313945532317,Clear,0,2990644
49.0,21,0.007855234823642292,Clear,0,2990645
28.158,12,0.059485329792163005,Clear,0,2990646
29.0,23,0.10190882487131302,Clear,0,2990647
50.0,2,0.006586405487531408,Clear,0,2990648
13.776,2,0.02714938076304169,Clear,0,2990649
261.95,14,0.008083791501490432,Clear,0,2990650
218.0,22,0.01738049020821482,Clear,0,2990651
76.481,16,0.10784854170184689,Clear,0,2990652
59.0,20,0.05925539400984244,Clear,0,2990653
51.0,23,0.012337331685209696,Clear,0,2990654
77.0,16,0.023247207550280466,Clear,0,2990655
100.0,17,0.25961486331929184,Clear,0,2990656
59.95,13,0.007885962902289335,Clear,0,2990657
150.0,13,0.041222566237046725,Clear,0,2990658
10.261,6,0.009174719623990786,Clear,0,2990659
88.5,1,0.03964891016811068,Clear,0,2990660
51.0,12,0.03539962231062447,Clear,0,2990661
226.0,14,0.00864359009737622,Clear,0,2990662
174.0,17,0.026184721721613232,Clear,0,2990663
146.0,17,0.056848952023812176,Clear,0,2990664
107.95,15,0.07512186438058277,Clear,0,2990665
25.419,0,0.037380113393254026,Clear,0,2990666
15.226,15,0.06815053645944665,Clear,0,2990667
25.0,22,0.041917802505554484,Clear,0,2990668
50.0,20,0.005123645711893665,Clear,0,2990669
55.224,20,0.9749408134864616,Critical Risk,1,2990670
34.0,15,0.008639197217217336,Clear,0,2990671
171.0,0,0.011513420262368863,Clear,0,2990672
75.0,21,0.016803494617438828,Clear,0,2990673
335.0,15,0.03310830941852016,Clear,0,2990674
34.0,21,0.009381818618939287,Clear,0,2990675
49.0,14,0.008450961969109345,Clear,0,2990676
14.263,4,0.10584416986113085,Clear,0,2990677
78.95,14,0.004149214954499116,Clear,0,2990678
50.0,20,0.01909467075113677,Clear,0,2990679
59.0,4,0.034316091454662266,Clear,0,2990680
105.0,14,0.011777510798723877,Clear,0,2990681
209.95,17,0.015722462761487033,Clear,0,2990682
39.0,20,0.015353767682072632,Clear,0,2990683
34.99,18,0.004390773977321142,Clear,0,2990684
30.0,20,0.055355710324366446,Clear,0,2990685
38.128,17,0.19583885933107953,Clear,0,2990686
34.0,15,0.0131127159985285,Clear,0,2990687
25.769,16,0.07997882037316037,Clear,0,2990688
29.0,13,0.005326611911462704,Clear,0,2990689
108.95,0,0.003356446990999599,Clear,0,2990690
639.0,20,0.018151397730873747,Clear,0,2990691
97.95,6,0.007547921682405426,Clear,0,2990692
57.95,21,0.005027115852240155,Clear,0,2990693
460.36,20,0.012495234045602193,Clear,0,2990694
500.0,14,0.06152081211547153,Clear,0,2990695
49.0,0,0.00790311349132001,Clear,0,2990696
29.5,2,0.011851891106063677,Clear,0,2990697
47.95,21,0.0047514548282621555,Clear,0,2990698
141.0,11,0.056490381554127354,Clear,0,2990699
24.893,14,0.017887210486370608,Clear,0,2990700
57.95,17,0.013920075015808985,Clear,0,2990701
47.95,4,0.014015825577510032,Clear,0,2990702
117.0,10,0.024641272358392655,Clear,0,2990703
815.75,17,0.02918007928557965,Clear,0,2990704
1236.76,4,0.010048397982864499,Clear,0,2990705
82.95,4,0.005295844930294532,Clear,0,2990706
10.0,18,0.06373573393485073,Clear,0,2990707
77.95,4,0.004478567203435095,Clear,0,2990708
40.0,9,0.009375550108460275,Clear,0,2990709
59.0,3,0.02230830998508662,Clear,0,2990710
99.401,0,0.01851411603041445,Clear,0,2990711
35.95,19,0.006514642741440292,Clear,0,2990712
209.95,16,0.003593957781417302,Clear,0,2990713
25.361,0,0.9595338089845958,Critical Risk,1,2990714
59.0,11,0.004633411070046295,Clear,0,2990715
108.95,0,0.008254866073725588,Clear,0,2990716
49.0,2,0.015224184742039735,Clear,0,2990717
275.0,16,0.08941472742784484,Clear,0,2990718
280.0,19,0.022500371939453603,Clear,0,2990719
108.95,20,0.003307046789050779,Clear,0,2990720
30.95,14,0.00395659174883894,Clear,0,2990721
206.0,17,0.049360525983111594,Clear,0,2990722
150.0,17,0.18219591935981114,Clear,1,2990723
66.579,16,0.9567593701737854,Critical Risk,1,2990724
20.0,3,0.013412856032300274,Clear,0,2990725
47.34,1,0.059695320599337756,Clear,0,2990726
500.0,0,0.008242878506315056,Clear,0,2990727
35.95,2,0.0063783100239996286,Clear,0,2990728
49.0,1,0.017177817947714707,Clear,0,2990729
49.0,22,0.011209732267501061,Clear,0,2990730
100.0,16,0.008441322123510063,Clear,0,2990731
59.0,0,0.012063108204423297,Clear,0,2990732
6.0,3,0.04555852299913113,Clear,0,2990733
213.0,15,0.06678181367214304,Clear,0,2990734
146.0,17,0.030162998239518516,Clear,0,2990735
131.0,18,0.017511336814382796,Clear,0,2990736
55.0,18,0.005870214777323088,Clear,0,2990737
57.95,5,0.005575191761951999,Clear,0,2990738
56.5,21,0.010509148811116927,Clear,0,2990739
161.0,16,0.016273762701311974,Clear,0,2990740
209.95,21,0.00578302018548076,Clear,0,2990741
25.0,20,0.011956879834503258,Clear,0,2990742
88.95,3,0.03009233262573044,Clear,0,2990743
100.0,1,0.03331982387371635,Clear,0,2990744
51.537,0,0.02892445364862314,Clear,0,2990745
107.95,18,0.004271078219156339,Clear,0,2990746
261.95,21,0.007575378093470169,Clear,0,2990747
35.658,23,0.9213586464446774,Critical Risk,1,2990748
25.0,15,0.03655994729520335,Clear,0,2990749
15.0,0,0.015577290470176757,Clear,0,2990750
161.0,21,0.024324470369138936,Clear,0,2990751
100.0,18,0.005997922412907977,Clear,0,2990752
107.95,15,0.003106395395113216,Clear,0,2990753
43.282,1,0.4443022605351414,Suspicious,0,2990754
59.0,6,0.016329994719356512,Clear,0,2990755
57.95,18,0.005366935088327289,Clear,0,2990756
107.95,19,0.004670926312373128,Clear,0,2990757
100.0,12,0.05755171148390634,Clear,0,2990758
226.0,21,0.01628546698540268,Clear,0,2990759
49.0,12,0.0133261781513692,Clear,0,2990760
484.95,7,0.024718053091173916,Clear,0,2990761
59.0,22,0.016373852336439197,Clear,0,2990762
21.163,6,0.01905914964265229,Clear,0,2990763
44.99,0,0.024919008395115474,Clear,0,2990764
42.95,15,0.00605491201841284,Clear,0,2990765
75.0,19,0.008351152926371385,Clear,0,2990766
59.0,3,0.045087856382558224,Clear,0,2990767
59.0,16,0.00758710832288252,Clear,0,2990768
250.0,3,0.01804013842964988,Clear,0,2990769
27.236,21,0.038165186420483645,Clear,0,2990770
47.95,21,0.010155908639638441,Clear,0,2990771
52.565,3,0.06089318170189021,Clear,0,2990772
391.6,15,0.011731176213327402,Clear,0,2990773
107.95,20,0.003640782577732299,Clear,0,2990774
45.0,3,0.009505442733904114,Clear,0,2990775
108.5,0,0.010881722050357414,Clear,0,2990776
54.0,15,0.0208796203707788,Clear,0,2990777
35.351,0,0.12117530397181082,Clear,0,2990778
117.0,13,0.023697402566085067,Clear,0,2990779
226.0,22,0.034854042618231454,Clear,0,2990780
107.95,3,0.005320737347733579,Clear,0,2990781
209.95,14,0.014822673919342484,Clear,0,2990782
117.0,6,0.014261668111005316,Clear,0,2990783
100.0,17,0.010231217569275542,Clear,0,2990784
107.95,0,0.005488671512589272,Clear,0,2990785
28.8,4,0.07358857370256285,Clear,0,2990786
117.0,14,0.02280209306383606,Clear,0,2990787
49.0,20,0.0208790589661665,Clear,0,2990788
994.0,15,0.11457361887253933,Clear,1,2990789
117.0,16,0.014007006298310514,Clear,0,2990790
226.0,21,0.022683891694749526,Clear,0,2990791
22.97,5,0.014397243411257856,Clear,0,2990792
50.0,19,0.010436375717383138,Clear,0,2990793
39.0,16,0.00701597410864471,Clear,0,2990794
361.95,20,0.005632302035588323,Clear,0,2990795
50.0,16,0.011223781958611912,Clear,0,2990796
29.0,21,0.00867655791363221,Clear,0,2990797
1824.97,21,0.011965068311764695,Clear,0,2990798
68.275,4,0.03945196096197409,Clear,0,2990799
67.95,23,0.006252281206527818,Clear,0,2990800
226.0,17,0.019608288319399324,Clear,0,2990801
554.0,18,0.4938013114797377,Suspicious,0,2990802
57.95,13,0.007078135687728181,Clear,0,2990803
81.95,14,0.016321841385226885,Clear,0,2990804
54.5,22,0.009341681239241341,Clear,0,2990805
171.0,2,0.01766863043509726,Clear,0,2990806
47.95,3,0.003690276387620237,Clear,0,2990807
171.0,21,0.016816098076029865,Clear,0,2990808
49.0,16,0.022695926877997454,Clear,0,2990809
106.0,14,0.0046712167240090235,Clear,0,2990810
390.0,18,0.07441262450481125,Clear,0,2990811
11.743,3,0.041833058590966754,Clear,0,2990812
22.154,20,0.015685915888073436,Clear,0,2990813
922.47,21,0.012090885409692116,Clear,0,2990814
107.95,18,0.007925073263086406,Clear,0,2990815
327.95,0,0.012028474001578098,Clear,0,2990816
108.95,14,0.004764439339062953,Clear,0,2990817
119.95,1,0.008339233227776346,Clear,0,2990818
360.0,0,0.019406845982736946,Clear,0,2990819
60.0,16,0.004966049605588842,Clear,0,2990820
100.0,1,0.029453109162225852,Clear,0,2990821
47.893,18,0.025902692883637987,Clear,0,2990822
844.95,16,0.03239066757997511,Clear,0,2990823
5.0,13,0.051124003844493955,Clear,0,2990824
30.74,2,0.08546265081526404,Clear,0,2990825
210.95,15,0.01095398609433314,Clear,0,2990826
87.95,19,0.00380464689166621,Clear,0,2990827
49.56,18,0.011803918292515567,Clear,0,2990828
92.95,2,0.0048232366089863195,Clear,0,2990829
34.0,16,0.012095885962809303,Clear,0,2990830
44.5,15,0.019029415094977367,Clear,0,2990831
50.0,19,0.006102112017700177,Clear,0,2990832
77.0,14,0.010575334128241598,Clear,0,2990833
67.95,6,0.008632529095663666,Clear,0,2990834
171.0,0,0.03667149834457181,Clear,0,2990835
82.95,16,0.007750629091518737,Clear,0,2990836
203.059,23,0.014210397003433455,Clear,0,2990837
146.0,23,0.010606881706258741,Clear,0,2990838
65.0,20,0.07623947316597579,Clear,0,2990839
107.95,22,0.006049068487493158,Clear,0,2990840
67.95,1,0.004626210427576012,Clear,0,2990841
49.0,22,0.030798676659187393,Clear,0,2990842
29.0,19,0.010283420537767396,Clear,0,2990843
47.95,16,0.004733297621120985,Clear,0,2990844
42.95,23,0.01120473703432206,Clear,0,2990845
141.0,19,0.025759365974395706,Clear,0,2990846
117.0,5,0.006573377493460498,Clear,0,2990847
117.0,21,0.022239735090547,Clear,0,2990848
49.0,20,0.01024146486594125,Clear,0,2990849
16.615,19,0.0434910256118086,Clear,0,2990850
110.0,14,0.004810706225088655,Clear,0,2990851
50.0,16,0.024235803674564946,Clear,0,2990852
226.0,15,0.05309217414404163,Clear,0,2990853
175.0,23,0.5637280388891455,Suspicious,0,2990854
644.95,0,0.009210937844298833,Clear,0,2990855
25.95,15,0.003023555009376404,Clear,0,2990856
57.95,14,0.004017664294169497,Clear,0,2990857
78.5,21,0.09827200404802859,Clear,0,2990858
117.0,15,0.022233318826486655,Clear,0,2990859
200.0,14,0.051302786452131766,Clear,0,2990860
340.2,19,0.011575721231848116,Clear,0,2990861
67.067,17,0.9740440356782917,Critical Risk,1,2990862
29.0,19,0.02243285362361494,Clear,0,2990863
57.95,0,0.007142260560893986,Clear,0,2990864
55.95,12,0.006832709663742651,Clear,0,2990865
117.0,16,0.11663444704474965,Clear,0,2990866
80.104,5,0.3755590240073477,Clear,0,2990867
280.0,12,0.05531116707260303,Clear,0,2990868
49.0,0,0.011723821980461633,Clear,0,2990869
117.0,6,0.09738263244645123,Clear,0,2990870
28.404,16,0.03981231918437859,Clear,0,2990871
119.95,17,0.05656411201029744,Clear,0,2990872
134.0,17,0.04828778219956531,Clear,0,2990873
83.95,2,0.013276159636779163,Clear,0,2990874
100.0,16,0.014327024418373047,Clear,0,2990875
25.0,21,0.15158807576067393,Clear,0,2990876
29.0,0,0.03522248053383905,Clear,0,2990877
67.95,15,0.02018382626783829,Clear,0,2990878
100.0,20,0.007093995398549693,Clear,0,2990879
80.0,19,0.009081643059384276,Clear,0,2990880
67.95,15,0.00805741458304281,Clear,0,2990881
97.0,6,0.09712348058692193,Clear,0,2990882
92.0,19,0.020704953113374645,Clear,0,2990883
90.99,21,0.017953673536233943,Clear,0,2990884
34.0,19,0.020677425802940103,Clear,0,2990885
53.636,21,0.10548136400811076,Clear,0,2990886
146.0,22,0.008605178299705913,Clear,0,2990887
161.0,16,0.01337607868408546,Clear,0,2990888
89.95,16,0.004291032243132213,Clear,0,2990889
201.0,18,0.01291304924479664,Clear,0,2990890
73.5,21,0.007350708194084558,Clear,0,2990891
45.0,20,0.030078600451351585,Clear,0,2990892
67.95,18,0.011824297105159363,Clear,0,2990893
171.0,0,0.014704085488637246,Clear,0,2990894
35.95,17,0.005504629470033878,Clear,0,2990895
141.0,21,0.024656734181820725,Clear,0,2990896
132.95,15,0.011276551541815803,Clear,0,2990897
37.763,16,0.018748200616065087,Clear,0,2990898
59.0,3,0.006394659020698125,Clear,0,2990899
59.0,21,0.009342566745090139,Clear,0,2990900
792.0,16,0.017089194178670063,Clear,0,2990901
107.95,14,0.004980293487746879,Clear,0,2990902
117.0,20,0.045046876160332656,Clear,0,2990903
117.0,23,0.0317205361286705,Clear,0,2990904
87.0,20,0.08117099993906965,Clear,0,2990905
59.0,2,0.0065390173911424035,Clear,0,2990906
42.95,19,0.005016138578494049,Clear,0,2990907
100.0,21,0.013896936146169417,Clear,0,2990908
49.0,18,0.009530848510941246,Clear,1,2990909
49.0,17,0.01683032343748582,Clear,0,2990910
39.0,1,0.006388990262184106,Clear,0,2990911
57.95,3,0.005144698428631244,Clear,0,2990912
24.5,14,0.009301176846244577,Clear,0,2990913
117.0,16,0.012928493965854963,Clear,0,2990914
159.95,17,0.010209579850460244,Clear,0,2990915
59.0,15,0.005473622340189302,Clear,0,2990916
77.0,16,0.02472597958297555,Clear,0,2990917
13.059,13,0.03319311393992069,Clear,0,2990918
92.0,21,0.011700712306042537,Clear,0,2990919
136.0,18,0.014671955092445827,Clear,0,2990920
59.0,15,0.0059499653997343695,Clear,0,2990921
34.742,9,0.03882484904034613,Clear,0,2990922
89.0,18,0.03901987950857786,Clear,0,2990923
13.642,3,0.04986100945688928,Clear,0,2990924
34.0,0,0.00776579732277594,Clear,0,2990925
57.95,17,0.0036603429738967536,Clear,0,2990926
107.95,23,0.0682473138380084,Clear,0,2990927
39.0,19,0.17120475659307455,Clear,0,2990928
59.0,18,0.011032554662145175,Clear,0,2990929
25.95,20,0.0039030629206330443,Clear,0,2990930
209.95,23,0.0076305908667628096,Clear,0,2990931
424.46,18,0.014622999035057392,Clear,0,2990932
25.0,17,0.026850649990058036,Clear,0,2990933
100.0,21,0.022126332905437945,Clear,0,2990934
117.0,17,0.013063548016412083,Clear,0,2990935
29.0,14,0.011505393623065126,Clear,0,2990936
209.95,17,0.006177318200615496,Clear,0,2990937
106.49,17,0.06345670137105136,Clear,0,2990938
34.0,3,0.010968101633368234,Clear,0,2990939
25.0,1,0.04042083611927772,Clear,0,2990940
39.0,18,0.01082648492714767,Clear,0,2990941
173.0,21,0.057166550669173775,Clear,0,2990942
75.0,2,0.04463087701631967,Clear,0,2990943
117.0,21,0.014630365534339565,Clear,0,2990944
4.592,21,0.008105071107734462,Clear,0,2990945
774.0,18,0.08481321129791375,Clear,1,2990946
709.95,20,0.010400221646834818,Clear,0,2990947
25.0,17,0.06537121995979359,Clear,0,2990948
58.728,19,0.018897143356446728,Clear,0,2990949
100.0,22,0.019240655768015813,Clear,0,2990950
141.0,14,0.013987262273543289,Clear,0,2990951
800.14,2,0.00897200730300704,Clear,0,2990952
87.0,0,0.02246791598029246,Clear,0,2990953
52.873,1,0.032114813287289226,Clear,1,2990954
107.95,15,0.013724659753688579,Clear,0,2990955
117.0,20,0.009329964025114013,Clear,0,2990956
117.0,3,0.045889568339305,Clear,0,2990957
50.0,17,0.01911169217622767,Clear,0,2990958
82.95,14,0.010174632055673276,Clear,0,2990959
13.833,21,0.02515942943789983,Clear,0,2990960
311.95,13,0.012907867362450118,Clear,0,2990961
59.0,5,0.01672958095358747,Clear,0,2990962
112.99,15,0.009594918121102976,Clear,0,2990963
103.97,14,0.008299516310609214,Clear,0,2990964
57.95,10,0.004213571777505531,Clear,0,2990965
117.0,16,0.019039373192562877,Clear,0,2990966
161.0,20,0.03471727224088684,Clear,0,2990967
50.0,0,0.013894738355941811,Clear,0,2990968
47.95,2,0.006297559736777706,Clear,0,2990969
305.97,2,0.008884134946176497,Clear,0,2990970
209.95,13,0.006219968577507677,Clear,0,2990971
31.0,20,0.026815313269596516,Clear,0,2990972
60.435,19,0.016530355865717307,Clear,0,2990973
117.0,22,0.00885857215090374,Clear,0,2990974
22.235,5,0.03743417960375578,Clear,0,2990975
29.0,21,0.030240944863579956,Clear,0,2990976
117.0,2,0.600021785919908,Suspicious,1,2990977
16.313,16,0.047079547135233074,Clear,0,2990978
113.0,20,0.053049067437373885,Clear,0,2990979
59.0,0,0.010170844692744053,Clear,0,2990980
226.0,21,0.015851402732965984,Clear,0,2990981
15.0,22,0.030806891423604012,Clear,0,2990982
87.95,17,0.006989781764706565,Clear,0,2990983
72.546,17,0.08411682462181966,Clear,0,2990984
15.105,17,0.03041056952737278,Clear,0,2990985
59.0,13,0.07110387501961929,Clear,0,2990986
141.0,18,0.028320911797097698,Clear,0,2990987
450.0,7,0.3442346299687213,Clear,1,2990988
39.0,2,0.04774056839447353,Clear,1,2990989
59.0,1,0.02212096945834013,Clear,0,2990990
107.95,21,0.004426525749735241,Clear,0,2990991
216.0,19,0.0450030984911979,Clear,0,2990992
58.95,2,0.007453563145170354,Clear,0,2990993
45.0,15,0.01247201421884884,Clear,0,2990994
50.0,3,0.007862595537144364,Clear,0,2990995
39.0,11,0.01080483454535569,Clear,0,2990996
50.0,14,0.010112498714692414,Clear,0,2990997
113.95,17,0.004888004107710658,Clear,0,2990998
59.0,20,0.012124843048323702,Clear,0,2990999
29.0,0,0.00833942728212626,Clear,0,2991000
100.0,5,0.007291771623694487,Clear,0,2991001
59.0,16,0.008697619986609107,Clear,0,2991002
40.0,15,0.03064713143421746,Clear,0,2991003
29.0,23,0.010283013087979267,Clear,0,2991004
97.95,19,0.005889337315170327,Clear,0,2991005
445.0,2,0.019270842503821946,Clear,0,2991006
87.95,2,0.006105568821413552,Clear,0,2991007
117.0,1,0.020489349184474325,Clear,0,2991008
36.0,0,0.01673938543404096,Clear,0,2991009
134.95,19,0.004643883043811165,Clear,0,2991010
20.0,16,0.17010834965114469,Clear,0,2991011
88.95,13,0.01258868230831892,Clear,0,2991012
117.0,21,0.026731638081291125,Clear,0,2991013
44.0,14,0.018099186795934447,Clear,0,2991014
171.0,14,0.010970807596778176,Clear,0,2991015
15.95,3,0.004056939756560955,Clear,0,2991016
29.0,19,0.029847815803016826,Clear,0,2991017
107.95,21,0.003337290388721913,Clear,0,2991018
390.0,22,0.23841406556006547,Clear,0,2991019
10.0,14,0.02570338809774725,Clear,0,2991020
150.5,21,0.02283577724473503,Clear,0,2991021
22.97,14,0.0049187443533068404,Clear,0,2991022
57.95,21,0.004523397084670271,Clear,0,2991023
15.0,14,0.3183832336065048,Clear,0,2991024
200.0,15,0.22645318983307725,Clear,1,2991025
5.841,0,0.004970520877948188,Clear,0,2991026
59.0,17,0.015408261580719474,Clear,0,2991027
35.0,12,0.023619905855741048,Clear,0,2991028
500.0,0,0.023410883830559205,Clear,0,2991029
150.0,15,0.012171446812082057,Clear,0,2991030
100.0,15,0.06067947664253543,Clear,0,2991031
49.0,23,0.01766623099850774,Clear,0,2991032
28.834,4,0.9853999760628047,Critical Risk,1,2991033
54.569,20,0.032028670223911045,Clear,0,2991034
30.95,23,0.006761984445747345,Clear,0,2991035
161.783,13,0.16712870900009277,Clear,1,2991036
100.0,0,0.012464172242916209,Clear,0,2991037
102.99,0,0.01859596777612485,Clear,0,2991038
47.95,20,0.008209509953967402,Clear,0,2991039
117.0,4,0.02541817316184819,Clear,0,2991040
39.5,1,0.03156325050515956,Clear,0,2991041
77.95,19,0.010155868869691435,Clear,0,2991042
16.661,19,0.07677770335832604,Clear,0,2991043
67.95,10,0.010954266162974747,Clear,0,2991044
107.95,23,0.009390225300016404,Clear,0,2991045
57.95,14,0.018274351250608008,Clear,0,2991046
62.615,21,0.009668564281780473,Clear,0,2991047
100.0,23,0.03324423170280604,Clear,0,2991048
39.0,4,0.03368317501961293,Clear,0,2991049
107.95,3,0.0049337563253238174,Clear,0,2991050
100.0,20,0.013217174958083921,Clear,0,2991051
30.814,20,0.019238696208591477,Clear,0,2991052
49.54,15,0.014576029951203977,Clear,0,2991053
57.95,2,0.00921244392464515,Clear,0,2991054
100.0,14,0.0059153782979272235,Clear,0,2991055
57.95,15,0.00565350529443769,Clear,0,2991056
117.0,17,0.03210644828712668,Clear,0,2991057
280.0,2,0.02445480778289635,Clear,0,2991058
117.0,16,0.012072943676435082,Clear,0,2991059
29.0,20,0.009742023670751103,Clear,0,2991060
30.0,3,0.008858580641797608,Clear,0,2991061
59.0,23,0.007716714373131093,Clear,0,2991062
117.0,13,0.011071043567122883,Clear,0,2991063
219.95,22,0.0061827425935703575,Clear,0,2991064
336.66,16,0.014798144219738614,Clear,0,2991065
24.0,1,0.029569953162578506,Clear,0,2991066
35.95,21,0.003838048805605196,Clear,0,2991067
276.95,18,0.00712321405003822,Clear,0,2991068
1193.11,15,0.015119462686970448,Clear,0,2991069
107.95,21,0.004300643148155081,Clear,0,2991070
92.0,20,0.010053547347387145,Clear,0,2991071
43.0,1,0.013866170982161105,Clear,0,2991072
117.0,17,0.020414898749531285,Clear,0,2991073
34.0,22,0.010251873526110098,Clear,0,2991074
261.95,0,0.007255318575636992,Clear,0,2991075
150.0,5,0.034609299625817026,Clear,0,2991076
6.042,15,0.9652657200221774,Critical Risk,1,2991077
445.0,15,0.016190263234613752,Clear,0,2991078
226.0,15,0.04251573723424768,Clear,0,2991079
57.95,1,0.0032760689036161893,Clear,0,2991080
59.0,22,0.02699644227597992,Clear,0,2991081
34.0,12,0.010468790487571284,Clear,0,2991082
100.0,0,0.016835151461818285,Clear,0,2991083
150.0,16,0.01744337978706239,Clear,0,2991084
171.0,16,0.036160673058341065,Clear,0,2991085
108.43,20,0.0031246699988584153,Clear,0,2991086
57.95,16,0.004450082927490913,Clear,0,2991087
261.95,13,0.012820273723833915,Clear,0,2991088
59.0,5,0.01904642207488785,Clear,0,2991089
109.58,22,0.0066443231688079595,Clear,0,2991090
141.0,4,0.5554397618105846,Suspicious,0,2991091
58.728,18,0.04927293220587761,Clear,0,2991092
20.0,0,0.04899288509948733,Clear,0,2991093
117.0,23,0.0402662073433467,Clear,0,2991094
13.992,15,0.008561180292953427,Clear,0,2991095
117.0,0,0.07775945280066762,Clear,0,2991096
49.0,23,0.01621815271952449,Clear,0,2991097
77.95,22,0.009986565372294543,Clear,0,2991098
64.713,20,0.026998609174184184,Clear,0,2991099
15.0,3,0.023310432362168315,Clear,0,2991100
280.0,23,0.019785914589218974,Clear,0,2991101
107.95,23,0.01112843300441025,Clear,0,2991102
139.95,19,0.01294282667916169,Clear,0,2991103
50.0,2,0.009144459431194529,Clear,0,2991104
53.653,2,0.04470672481742297,Clear,0,2991105
335.0,17,0.051365370996544736,Clear,0,2991106
100.0,18,0.005104314436984153,Clear,0,2991107
150.0,21,0.010612838581595114,Clear,0,2991108
226.0,18,0.019052324805426343,Clear,0,2991109
141.0,22,0.020023009210497468,Clear,0,2991110
146.0,15,0.030402271142977014,Clear,0,2991111
20.301,14,0.020188506911375543,Clear,0,2991112
100.0,22,0.05322067417389017,Clear,0,2991113
445.0,19,0.1563512365324595,Clear,0,2991114
39.0,15,0.012774630480859986,Clear,0,2991115
117.0,14,0.016019211035280596,Clear,0,2991116
41.0,16,0.01747371656918968,Clear,0,2991117
141.0,16,0.0095495681345439,Clear,0,2991118
43.95,21,0.0037635453164835964,Clear,0,2991119
51.0,0,0.005698790895950297,Clear,0,2991120
30.95,18,0.004797568373875376,Clear,0,2991121
29.0,23,0.021276055557935148,Clear,0,2991122
78.95,3,0.009440095893604141,Clear,0,2991123
47.95,16,0.0051735867202846635,Clear,0,2991124
226.0,21,0.047169614139837494,Clear,0,2991125
117.0,20,0.01352289847287977,Clear,0,2991126
31.601,21,0.07376565491488804,Clear,0,2991127
226.0,16,0.023117567657798807,Clear,0,2991128
59.0,22,0.011847534659333825,Clear,0,2991129
107.95,18,0.005187243957785777,Clear,0,2991130
117.0,21,0.014889426228884253,Clear,0,2991131
49.0,17,0.011607702811725715,Clear,0,2991132
59.0,3,0.04972361628518326,Clear,0,2991133
171.0,15,0.009762411690998174,Clear,0,2991134
68.275,21,0.0651177080519876,Clear,0,2991135
200.0,5,0.06588471777774328,Clear,0,2991136
66.95,0,0.006504364240443797,Clear,0,2991137
49.0,23,0.013399048969692523,Clear,0,2991138
250.0,22,0.03400484782300678,Clear,0,2991139
27.431,3,0.00813823128746799,Clear,0,2991140
5.0,21,0.09986243901876037,Clear,0,2991141
29.95,21,0.009928757053266507,Clear,0,2991142
226.0,23,0.11226086080202913,Clear,0,2991143
59.0,21,0.009849458808406939,Clear,0,2991144
107.95,22,0.010422455306507913,Clear,0,2991145
25.95,6,0.01111440577025564,Clear,0,2991146
20.0,15,0.03450187209308575,Clear,0,2991147
125.0,1,0.9816112691149229,Critical Risk,1,2991148
55.0,1,0.012898281707392064,Clear,0,2991149
14.138,21,0.007193401140872626,Clear,0,2991150
50.0,17,0.008186358160697307,Clear,0,2991151
117.0,20,0.023377292277722894,Clear,0,2991152
59.0,21,0.015580307198667051,Clear,0,2991153
360.0,22,0.23597074049341385,Clear,0,2991154
791.45,1,0.24711424734654522,Clear,0,2991155
209.95,10,0.018085287843779226,Clear,0,2991156
25.95,1,0.002574869205195014,Clear,0,2991157
57.95,12,0.0035102238018121655,Clear,0,2991158
554.0,15,0.028930978243717632,Clear,0,2991159
96.708,23,0.011710851381731353,Clear,0,2991160
200.0,19,0.14279245305007238,Clear,0,2991161
47.95,13,0.013170355192092696,Clear,0,2991162
22.718,1,0.01373370096453825,Clear,0,2991163
47.95,17,0.0032911951725650857,Clear,0,2991164
226.0,2,0.010841042272806916,Clear,0,2991165
59.0,15,0.010695767456494414,Clear,0,2991166
275.0,0,0.062346962950272956,Clear,0,2991167
107.95,18,0.004844253419432172,Clear,0,2991168
97.0,19,0.009620867712102334,Clear,0,2991169
204.97,3,0.01922603202634984,Clear,0,2991170
75.0,16,0.011357504769460227,Clear,0,2991171
150.0,21,0.033006405963425536,Clear,0,2991172
39.0,1,0.012428243026011771,Clear,0,2991173
59.0,22,0.03134674298182494,Clear,0,2991174
27.051,16,0.018147169406959086,Clear,0,2991175
18.368,18,0.8966963232921447,Critical Risk,1,2991176
49.0,21,0.009678231297739112,Clear,0,2991177
50.0,18,0.0073819485921442045,Clear,0,2991178
59.0,19,0.04294279936725023,Clear,0,2991179
100.0,22,0.029502911991102505,Clear,0,2991180
186.0,14,0.012942645920976483,Clear,0,2991181
209.95,21,0.010194204308925137,Clear,0,2991182
774.0,16,0.11084162647690236,Clear,0,2991183
45.95,20,0.008062962082601453,Clear,0,2991184
15.0,23,0.015516188770645737,Clear,0,2991185
59.0,22,0.013496938689857537,Clear,0,2991186
29.99,2,0.014688948819484196,Clear,0,2991187
146.0,12,0.020688592950661975,Clear,0,2991188
53.95,20,0.0034672985840124536,Clear,0,2991189
146.0,3,0.017849252314494923,Clear,0,2991190
24.5,18,0.045823964490445054,Clear,0,2991191
82.0,18,0.010461553487324518,Clear,0,2991192
25.594,21,0.04765099590019028,Clear,0,2991193
171.0,13,0.07989511459880827,Clear,0,2991194
100.0,17,0.1069479029291637,Clear,0,2991195
50.0,14,0.010092785217055035,Clear,0,2991196
35.95,21,0.006836195675674735,Clear,0,2991197
59.0,1,0.007724972262009244,Clear,0,2991198
57.95,1,0.010246754743098649,Clear,0,2991199
67.95,12,0.004220629431477691,Clear,0,2991200
57.95,23,0.0040892661493224375,Clear,0,2991201
57.95,2,0.009676842874464863,Clear,0,2991202
134.95,15,0.007261305890217589,Clear,0,2991203
34.0,21,0.013210810109989746,Clear,0,2991204
33.835,0,0.025002741605182146,Clear,0,2991205
34.0,22,0.010570271741354161,Clear,0,2991206
22.329,19,0.12127663344461685,Clear,0,2991207
10.0,19,0.011588740872979153,Clear,0,2991208
25.0,23,0.011119152140001174,Clear,0,2991209
117.0,22,0.011110269819563241,Clear,0,2991210
38.012,18,0.008927817724272341,Clear,0,2991211
374.95,14,0.013034776971283343,Clear,0,2991212
44.0,14,0.021662065754051812,Clear,0,2991213
200.0,13,0.01509641744989034,Clear,0,2991214
51.0,14,0.044840616902825,Clear,0,2991215
97.0,1,0.014986620653060145,Clear,0,2991216
59.0,20,0.009431605685802404,Clear,0,2991217
200.0,11,0.027473518767745144,Clear,0,2991218
87.95,20,0.0043911664336830376,Clear,0,2991219
117.0,19,0.03163892087310098,Clear,0,2991220
59.0,3,0.018911916335444482,Clear,0,2991221
49.0,17,0.0057353752699601185,Clear,0,2991222
154.97,3,0.008044240267638081,Clear,0,2991223
159.95,11,0.003957213545269954,Clear,0,2991224
117.0,0,0.024738866839704304,Clear,0,2991225
107.95,14,0.0033702877775821424,Clear,0,2991226
5.0,12,0.01861419535019029,Clear,0,2991227
76.781,18,0.23178970396131646,Clear,0,2991228
82.95,2,0.004732568749788159,Clear,0,2991229
226.0,18,0.057407656825673,Clear,0,2991230
436.95,20,0.004124360456259712,Clear,0,2991231
35.95,14,0.005398971098776329,Clear,0,2991232
100.0,17,0.018146063551982686,Clear,0,2991233
209.96,3,0.007773821770534501,Clear,0,2991234
59.0,3,0.07466389738136399,Clear,0,2991235
100.0,19,0.009447102736728271,Clear,0,2991236
29.0,0,0.01381823787435764,Clear,0,2991237
49.0,4,0.013126976481959226,Clear,0,2991238
57.95,13,0.004245545197494774,Clear,0,2991239
117.0,12,0.013651698936821844,Clear,0,2991240
34.742,4,0.07876585797142385,Clear,0,2991241
84.36,1,0.016803386744689144,Clear,0,2991242
67.95,23,0.0029331168425863856,Clear,0,2991243
49.0,19,0.009455732746173404,Clear,0,2991244
39.0,1,0.023776499837117562,Clear,0,2991245
100.0,9,0.02902600806358186,Clear,0,2991246
57.95,16,0.0031335526670608796,Clear,0,2991247
163.0,12,0.011518366754619128,Clear,0,2991248
107.95,15,0.01107563185373353,Clear,0,2991249
103.97,0,0.0039896683691726656,Clear,0,2991250
226.0,19,0.01380650330227536,Clear,0,2991251
44.5,0,0.09832056817482981,Clear,0,2991252
83.97,16,0.006429065589018084,Clear,0,2991253
10.96,4,0.18907735769500666,Clear,0,2991254
11.782,19,0.5871944760753318,Suspicious,0,2991255
107.95,20,0.0038030500676429803,Clear,0,2991256
994.0,12,0.48632824709541483,Suspicious,1,2991257
250.0,18,0.033262618803807244,Clear,0,2991258
32.97,1,0.005351897773684616,Clear,0,2991259
93.95,17,0.00809433416039072,Clear,0,2991260
300.0,1,0.015601011491095164,Clear,0,2991261
302.5,20,0.03409770245487071,Clear,0,2991262
47.95,14,0.0036386195356123033,Clear,0,2991263
57.95,17,0.039728316429792215,Clear,0,2991264
30.95,13,0.004716356547778072,Clear,0,2991265
57.95,1,0.010714584733958475,Clear,0,2991266
500.0,20,0.10991323046951937,Clear,0,2991267
47.95,4,0.007635275558650302,Clear,0,2991268
68.5,17,0.010525724648312317,Clear,0,2991269
325.25,16,0.010796237787867681,Clear,0,2991270
944.0,15,0.20309961599992105,Clear,1,2991271
554.0,15,0.16607176061228104,Clear,0,2991272
154.97,23,0.018578099336236022,Clear,0,2991273
59.0,14,0.062143095211813326,Clear,0,2991274
56.0,15,0.006128296863192136,Clear,0,2991275
47.95,0,0.005474601461758981,Clear,0,2991276
49.0,22,0.00789488327793273,Clear,0,2991277
1200.0,14,0.6448652310809972,Suspicious,0,2991278
30.0,19,0.008586870589873553,Clear,0,2991279
59.0,18,0.009985489966583647,Clear,0,2991280
67.95,16,0.008128054778869439,Clear,0,2991281
25.885,23,0.21849338201516513,Clear,0,2991282
35.95,1,0.0032809994252609442,Clear,0,2991283
59.0,1,0.01851860063496904,Clear,0,2991284
72.0,16,0.0064767567463193485,Clear,0,2991285
175.0,21,0.07323670989764555,Clear,0,2991286
151.0,3,0.017413385194023585,Clear,0,2991287
102.0,18,0.008330904708059033,Clear,0,2991288
309.95,1,0.013870067443386126,Clear,0,2991289
226.0,18,0.012683557020577448,Clear,0,2991290
117.0,0,0.021696496770667918,Clear,0,2991291
171.0,20,0.032119820297078154,Clear,0,2991292
39.0,16,0.02049816764911404,Clear,0,2991293
57.0,21,0.008367180556965162,Clear,0,2991294
21.5,23,0.007673339912543775,Clear,0,2991295
59.0,16,0.014993633335016868,Clear,0,2991296
49.0,21,0.014754761963818636,Clear,0,2991297
44.107,0,0.9888213827511835,Critical Risk,1,2991298
227.56,12,0.06435699130716249,Clear,0,2991299
554.0,18,0.014608177579120071,Clear,0,2991300
107.95,21,0.0057813603796025405,Clear,0,2991301
87.0,21,0.014929415669804448,Clear,0,2991302
210.95,20,0.01018335379181839,Clear,0,2991303
289.0,16,0.014515060370858724,Clear,0,2991304
36.95,22,0.00325363374345755,Clear,0,2991305
34.0,23,0.018340095558168745,Clear,0,2991306
30.0,20,0.022952404194618733,Clear,0,2991307
47.95,19,0.004548695547876889,Clear,0,2991308
113.0,2,0.008503162133301495,Clear,0,2991309
59.0,21,0.026475292277994694,Clear,0,2991310
338.89,21,0.011197414987597529,Clear,0,2991311
311.95,1,0.014367915231218024,Clear,0,2991312
57.95,22,0.005617107910402293,Clear,0,2991313
107.95,8,0.009660662538455211,Clear,0,2991314
280.0,6,0.01614825738450275,Clear,0,2991315
42.95,18,0.004230021037843788,Clear,0,2991316
54.95,12,0.003972781890451185,Clear,0,2991317
53.97,19,0.0038341839275889507,Clear,0,2991318
200.0,19,0.03132836742511712,Clear,0,2991319
159.95,18,0.003656449908135649,Clear,0,2991320
107.95,15,0.0059344670851593255,Clear,0,2991321
54.5,17,0.011191103428790112,Clear,0,2991322
59.0,13,0.012571811582649752,Clear,0,2991323
47.95,18,0.005113992773767452,Clear,0,2991324
107.95,1,0.0041989852604392905,Clear,0,2991325
73.0,16,0.009036383474483276,Clear,0,2991326
107.95,18,0.005388590373731228,Clear,0,2991327
31.0,18,0.051615528667942154,Clear,0,2991328
24.5,20,0.008826168372295579,Clear,0,2991329
186.0,12,0.026544561855460724,Clear,0,2991330
68.95,0,0.042426519727824054,Clear,1,2991331
67.95,15,0.005878264423588105,Clear,0,2991332
92.0,22,0.011935089343173009,Clear,0,2991333
47.95,20,0.005482050185243839,Clear,0,2991334
97.0,2,0.0206692761099977,Clear,0,2991335
39.0,14,0.008437740124027518,Clear,0,2991336
47.95,15,0.008423972708788046,Clear,0,2991337
35.0,0,0.009182358938845775,Clear,0,2991338
226.0,13,0.031211264895618714,Clear,0,2991339
57.95,0,0.02451270329170616,Clear,0,2991340
35.95,1,0.006319017207099239,Clear,0,2991341
34.0,3,0.014412967113071797,Clear,0,2991342
15.0,16,0.0077090568945252175,Clear,0,2991343
117.0,0,0.04347891856594079,Clear,0,2991344
209.95,9,0.008637454253850858,Clear,0,2991345
59.0,0,0.023256129576477692,Clear,0,2991346
42.95,12,0.004744573724210544,Clear,0,2991347
39.0,22,0.019317950242576994,Clear,0,2991348
80.0,19,0.03992722642359767,Clear,0,2991349
655.95,13,0.006433635867103282,Clear,0,2991350
49.0,19,0.01680941242375517,Clear,0,2991351
25.95,1,0.00538821870418786,Clear,0,2991352
50.97,22,0.011318634723599123,Clear,0,2991353
117.0,1,0.014241115432707323,Clear,0,2991354
117.0,1,0.004825343835891002,Clear,0,2991355
200.0,19,0.012530636342566126,Clear,0,2991356
29.0,2,0.0104085802456106,Clear,0,2991357
50.0,22,0.010644960493273148,Clear,0,2991358
17.764,4,0.019178839210816177,Clear,0,2991359
97.0,19,0.011045269186870087,Clear,0,2991360
44.5,23,0.010623073075957138,Clear,0,2991361
13.992,18,0.014334247447369317,Clear,0,2991362
335.0,20,0.020843986350812596,Clear,0,2991363
25.95,16,0.00889098124584287,Clear,0,2991364
59.0,23,0.033576931619537356,Clear,0,2991365
57.95,18,0.006765438846879809,Clear,0,2991366
150.0,20,0.06592981459076684,Clear,0,2991367
54.5,12,0.02183442202367795,Clear,0,2991368
300.0,6,0.1886373360351899,Clear,0,2991369
44.0,16,0.012344398348273517,Clear,0,2991370
57.95,15,0.005224559932275582,Clear,0,2991371
59.0,14,0.010645828318062434,Clear,0,2991372
67.95,3,0.02098310700005303,Clear,0,2991373
33.814,17,0.031843731991884915,Clear,0,2991374
125.0,18,0.043001477401797064,Clear,0,2991375
29.0,22,0.0067497235609381276,Clear,0,2991376
59.0,15,0.010724059273475384,Clear,0,2991377
34.5,16,0.017879780954609594,Clear,0,2991378
226.0,13,0.021693067011180563,Clear,0,2991379
57.95,1,0.005516489751934482,Clear,0,2991380
39.0,18,0.008307326299250338,Clear,0,2991381
107.95,23,0.007713268915921143,Clear,0,2991382
86.95,0,0.005228746175315743,Clear,0,2991383
44.5,1,0.009103694844643047,Clear,0,2991384
10.876,18,0.004779823442378722,Clear,0,2991385
73.5,0,0.011131548594970576,Clear,0,2991386
50.0,15,0.019179898924162116,Clear,0,2991387
47.95,2,0.003528348424082053,Clear,0,2991388
36.252,22,0.04840157062662515,Clear,0,2991389
30.95,14,0.0032103442234676072,Clear,0,2991390
20.522,4,0.015148946066711091,Clear,0,2991391
108.95,18,0.009556814121588486,Clear,0,2991392
4.35,20,0.013618950473114436,Clear,0,2991393
422.5,14,0.013497991073701835,Clear,0,2991394
59.0,20,0.008548460055795851,Clear,0,2991395
59.0,22,0.016967245540148206,Clear,0,2991396
735.39,16,0.022911598355072314,Clear,0,2991397
52.203,15,0.018138772646327305,Clear,0,2991398
50.0,6,0.017087774919419495,Clear,0,2991399
77.338,1,0.7432665986735465,Suspicious,1,2991400
14.743,21,0.3223736739892781,Clear,0,2991401
411.95,20,0.013257770874561195,Clear,0,2991402
29.0,0,0.007069714249815732,Clear,0,2991403
44.658,23,0.2918537206861787,Clear,1,2991404
34.0,1,0.21774577581670937,Clear,0,2991405
117.0,0,0.036877905667836525,Clear,0,2991406
130.507,20,0.054980703955533415,Clear,0,2991407
49.0,23,0.041328164270197185,Clear,0,2991408
100.0,3,0.02561446371158197,Clear,0,2991409
226.0,2,0.07283835191338141,Clear,0,2991410
59.0,17,0.034553493941325564,Clear,0,2991411
49.0,21,0.011355014386921151,Clear,0,2991412
25.0,22,0.010029623624047641,Clear,0,2991413
59.0,23,0.1199216077584401,Clear,0,2991414
25.437,15,0.01309510368368175,Clear,0,2991415
54.041,20,0.023550857451327657,Clear,0,2991416
59.0,16,0.027639580107723296,Clear,0,2991417
16.767,0,0.6267442657545158,Suspicious,0,2991418
10.876,15,0.1569698003130028,Clear,0,2991419
47.95,22,0.03781119428330785,Clear,0,2991420
16.313,6,0.021362255938661354,Clear,0,2991421
12.0,2,0.07028765837061093,Clear,1,2991422
171.0,19,0.01381590263378903,Clear,0,2991423
25.0,22,0.010397596572736093,Clear,0,2991424
335.0,12,0.3711009015668153,Clear,0,2991425
226.0,23,0.033105391093766146,Clear,0,2991426
47.732,1,0.013365749859162288,Clear,0,2991427
57.95,22,0.0034648416274600975,Clear,0,2991428
280.0,11,0.028427041188621698,Clear,0,2991429
132.95,17,0.007145115396871293,Clear,0,2991430
50.0,20,0.008382369861222084,Clear,0,2991431
333.0,13,0.6078826300243849,Suspicious,0,2991432
159.95,15,0.037176897714965136,Clear,0,2991433
171.0,16,0.025499339324731286,Clear,0,2991434
107.95,14,0.0035201824713636956,Clear,0,2991435
15.985,4,0.010622580553603931,Clear,0,2991436
500.0,16,0.036418819426617975,Clear,1,2991437
100.0,17,0.010128471787491194,Clear,0,2991438
150.0,17,0.0186817522856802,Clear,0,2991439
300.95,16,0.00980270397702418,Clear,0,2991440
59.0,19,0.036757504808904294,Clear,1,2991441
25.0,0,0.003077392936564815,Clear,0,2991442
49.0,2,0.0291384032125522,Clear,0,2991443
39.0,18,0.03239749163126254,Clear,0,2991444
29.0,21,0.011226648892354602,Clear,0,2991445
108.5,23,0.01047573649218951,Clear,0,2991446
29.0,9,0.006861594003236684,Clear,0,2991447
107.95,23,0.004282270482460917,Clear,0,2991448
39.0,21,0.029413627181070483,Clear,0,2991449
250.0,18,0.006032158277960942,Clear,0,2991450
107.95,17,0.004162415107326859,Clear,0,2991451
97.0,19,0.005255122048363352,Clear,0,2991452
105.0,0,0.009605396843102215,Clear,0,2991453
200.0,21,0.04166321840139748,Clear,0,2991454
21.702,13,0.3473558149019828,Clear,0,2991455
117.0,20,0.018832395912464182,Clear,0,2991456
300.0,23,0.025151085756759343,Clear,0,2991457
59.0,2,0.009643010032714757,Clear,0,2991458
68.95,1,0.004543754811033587,Clear,0,2991459
107.95,15,0.005824357806462859,Clear,0,2991460
25.0,23,0.013097982324227014,Clear,0,2991461
117.0,2,0.04137545178311426,Clear,0,2991462
79.924,4,0.05486540683465815,Clear,0,2991463
59.0,15,0.031728389412126336,Clear,0,2991464
59.0,2,0.014981964546448248,Clear,0,2991465
13.594,22,0.019124139548311325,Clear,0,2991466
30.0,23,0.019931236646543636,Clear,0,2991467
57.95,14,0.004377344724667453,Clear,0,2991468
59.0,15,0.009936708386674908,Clear,0,2991469
47.95,11,0.008306863727434418,Clear,0,2991470
97.95,17,0.006081695768455083,Clear,0,2991471
50.0,20,0.006456823526759304,Clear,0,2991472
49.0,20,0.015713239074092465,Clear,0,2991473
34.0,1,0.014431367973668284,Clear,0,2991474
29.5,20,0.0196942218607494,Clear,0,2991475
107.95,16,0.008309788550680812,Clear,0,2991476
59.0,19,0.020037273003460306,Clear,0,2991477
226.0,1,0.15253772378339356,Clear,1,2991478
23.0,14,0.008189334978838928,Clear,0,2991479
884.0,22,0.13623374479801353,Clear,1,2991480
353.47,22,0.14149383705712487,Clear,0,2991481
50.0,17,0.045249898571437304,Clear,0,2991482
39.0,16,0.015821302741956898,Clear,0,2991483
49.0,18,0.04524485960242884,Clear,1,2991484
117.0,1,0.020933697344453897,Clear,0,2991485
554.0,6,0.09360359819283516,Clear,0,2991486
97.0,23,0.015750117077487,Clear,0,2991487
25.95,0,0.004593726284535589,Clear,0,2991488
311.95,20,0.00947773610226277,Clear,0,2991489
200.0,15,0.019893035995538454,Clear,0,2991490
20.0,23,0.012196144904255421,Clear,0,2991491
14.808,1,0.15995794236372882,Clear,0,2991492
57.95,18,0.009677993776114282,Clear,0,2991493
87.95,1,0.006038795008650449,Clear,0,2991494
107.95,16,0.009726201847991067,Clear,0,2991495
57.95,15,0.003953212529221393,Clear,0,2991496
59.0,1,0.013934593289756879,Clear,0,2991497
57.95,16,0.008311911812537227,Clear,0,2991498
78.5,23,0.02465862555726291,Clear,0,2991499
200.0,18,0.010198744622234001,Clear,0,2991500
117.0,13,0.04830580764182901,Clear,0,2991501
226.0,21,0.010096815645122638,Clear,0,2991502
43.97,16,0.00389369375142823,Clear,0,2991503
19.455,4,0.012952179393350562,Clear,0,2991504
226.0,11,0.010623582552221879,Clear,0,2991505
250.0,2,0.005984756588698328,Clear,0,2991506
22.355,22,0.8250803052884017,Critical Risk,0,2991507
117.0,23,0.03149822302770098,Clear,0,2991508
107.95,1,0.008150354494176086,Clear,0,2991509
250.0,20,0.5245825930770711,Suspicious,0,2991510
113.0,1,0.11701676929116643,Clear,0,2991511
25.0,23,0.06273552181081024,Clear,0,2991512
50.0,14,0.18147300307528907,Clear,0,2991513
261.95,11,0.060190065484901474,Clear,0,2991514
83.95,2,0.009937697169823052,Clear,0,2991515
57.95,22,0.0034416570261366856,Clear,0,2991516
59.0,19,0.006929987984570054,Clear,0,2991517
49.0,21,0.035997214455451114,Clear,0,2991518
30.95,13,0.02546147936401413,Clear,0,2991519
117.0,15,0.01854234775288069,Clear,0,2991520
48.95,12,0.005027437090323157,Clear,0,2991521
117.0,18,0.015272870019219342,Clear,0,2991522
82.0,11,0.0314885335737659,Clear,0,2991523
107.95,3,0.010041365573644063,Clear,0,2991524
171.0,20,0.11123745761642988,Clear,0,2991525
127.788,16,0.022340336602840245,Clear,0,2991526
28.896,10,0.012500726591243174,Clear,0,2991527
17.643,21,0.016171065362199928,Clear,0,2991528
50.0,19,0.0054668173493081715,Clear,0,2991529
216.0,23,0.019869994132228355,Clear,1,2991530
292.5,20,0.047703579489864395,Clear,0,2991531
117.0,14,0.025104949807579845,Clear,0,2991532
28.95,22,0.0046478537235539455,Clear,0,2991533
106.0,0,0.004397972129289333,Clear,0,2991534
171.0,1,0.02043821709969061,Clear,0,2991535
57.95,12,0.0037034390748622095,Clear,0,2991536
100.0,0,0.036449311544052794,Clear,0,2991537
50.0,18,0.006466259313457966,Clear,0,2991538
39.0,18,0.019890646045300688,Clear,0,2991539
39.0,18,0.594731188264633,Suspicious,1,2991540
11.238,23,0.01309510368368175,Clear,0,2991541
42.95,23,0.005236814698371487,Clear,0,2991542
122.663,2,0.670864333463576,Suspicious,1,2991543
31.95,0,0.03224607160532317,Clear,0,2991544
17.418,20,0.8956797520729639,Critical Risk,1,2991545
54.5,21,0.011558615023722782,Clear,0,2991546
107.95,2,0.003564096701211528,Clear,0,2991547
141.0,19,0.014061708364322212,Clear,0,2991548
21.0,15,0.00904211909362669,Clear,0,2991549
42.95,19,0.00438339634006011,Clear,0,2991550
83.97,18,0.012751422269352717,Clear,0,2991551
10.0,0,0.02299536740646132,Clear,0,2991552
107.95,23,0.00540618187759335,Clear,0,2991553
47.95,3,0.004079679396051946,Clear,0,2991554
117.0,17,0.006603470195474778,Clear,0,2991555
44.0,21,0.013867225199127392,Clear,0,2991556
57.95,22,0.00406898701846707,Clear,0,2991557
445.0,17,0.07769111483466752,Clear,0,2991558
16.6,12,0.12440179755063692,Clear,0,2991559
92.0,16,0.012856250374286298,Clear,0,2991560
50.0,13,0.00618273845257389,Clear,0,2991561
57.95,14,0.006716811876055549,Clear,0,2991562
107.95,2,0.008911613455791842,Clear,0,2991563
150.0,19,0.02288746693307914,Clear,0,2991564
110.25,13,0.0050559476178043085,Clear,0,2991565
24.0,23,0.010425866175415943,Clear,0,2991566
29.0,4,0.024161240628425503,Clear,0,2991567
200.0,17,0.971437208855909,Critical Risk,1,2991568
77.0,2,0.08774790130342712,Clear,0,2991569
57.95,0,0.005704097266973779,Clear,0,2991570
67.95,1,0.00660996877202962,Clear,0,2991571
107.95,17,0.003737134752093758,Clear,0,2991572
15.0,19,0.00824445167725165,Clear,0,2991573
39.0,19,0.008876871020046953,Clear,0,2991574
87.0,22,0.022305859494081613,Clear,0,2991575
554.0,0,0.02601057204894514,Clear,0,2991576
335.0,1,0.029060069015181007,Clear,0,2991577
107.95,22,0.007269140490997477,Clear,0,2991578
59.0,2,0.009799086208528802,Clear,0,2991579
64.0,5,0.013161007448527664,Clear,0,2991580
50.0,20,0.009261994206779135,Clear,0,2991581
47.95,13,0.004131093743724563,Clear,0,2991582
196.183,19,0.022596324960552312,Clear,0,2991583
50.0,19,0.041737855502719884,Clear,0,2991584
50.0,23,0.012622204262588673,Clear,0,2991585
171.0,18,0.014095482443426647,Clear,0,2991586
226.0,17,0.024958819609697463,Clear,0,2991587
59.0,12,0.010739435095128667,Clear,0,2991588
57.95,1,0.004519298242112066,Clear,0,2991589
100.0,23,0.011486617137345263,Clear,0,2991590
30.0,1,0.009953974828271931,Clear,0,2991591
60.0,21,0.12706062551602254,Clear,0,2991592
14.138,16,0.4944251274964955,Suspicious,0,2991593
171.0,16,0.017813118259930066,Clear,0,2991594
209.95,13,0.005451781067356888,Clear,0,2991595
57.95,23,0.006137021561424779,Clear,0,2991596
150.5,16,0.0223688583724512,Clear,0,2991597
117.0,0,0.017857165360384616,Clear,0,2991598
171.0,15,0.07552420768943775,Clear,0,2991599
42.95,23,0.003582185764652449,Clear,0,2991600
29.0,16,0.011779670393641849,Clear,0,2991601
47.95,2,0.006128297511538387,Clear,0,2991602
45.0,21,0.01614478204005724,Clear,0,2991603
19.589,15,0.0077367618887807,Clear,0,2991604
41.5,2,0.014378240047484624,Clear,0,2991605
59.0,21,0.06714835589407968,Clear,0,2991606
335.0,23,0.015354508401574178,Clear,0,2991607
29.0,16,0.02990804345448762,Clear,0,2991608
24.486,3,0.26500856377716425,Clear,0,2991609
75.162,4,0.08821787567385853,Clear,0,2991610
59.0,1,0.019172240780182228,Clear,0,2991611
68.154,1,0.08917153790886609,Clear,0,2991612
2007.95,21,0.013160397251074379,Clear,0,2991613
21.887,21,0.05390042658909209,Clear,0,2991614
38.608,21,0.9783993054860916,Critical Risk,1,2991615
171.0,1,0.014329186403028308,Clear,0,2991616
92.0,17,0.019873020844817044,Clear,0,2991617
30.0,0,0.09934391369912819,Clear,0,2991618
311.95,22,0.011656658888129674,Clear,0,2991619
59.0,18,0.2824692627200331,Clear,0,2991620
54.5,21,0.042434012326869906,Clear,0,2991621
34.0,21,0.008743370582732396,Clear,0,2991622
15.0,20,0.06598493068816301,Clear,0,2991623
600.0,22,0.013073223275615217,Clear,0,2991624
34.0,3,0.017089075044230986,Clear,0,2991625
41.0,0,0.010777927973591285,Clear,0,2991626
25.95,19,0.00303062565189001,Clear,0,2991627
67.95,16,0.009036223423737971,Clear,0,2991628
226.0,19,0.0611806659371841,Clear,0,2991629
171.0,21,0.013471444131978214,Clear,0,2991630
15.0,2,0.013860264792181507,Clear,0,2991631
34.0,1,0.007461627337817673,Clear,0,2991632
92.0,16,0.0236128830413258,Clear,0,2991633
100.0,15,0.02527647540763812,Clear,0,2991634
47.95,20,0.0039452090404851845,Clear,0,2991635
39.0,20,0.024082547307533553,Clear,0,2991636
209.95,3,0.005254781086700124,Clear,0,2991637
8.347,22,0.10250545006212766,Clear,0,2991638
288.95,1,0.01337069047256368,Clear,0,2991639
50.0,21,0.0115009110463806,Clear,0,2991640
25.95,13,0.005871796950519106,Clear,0,2991641
45.557,20,0.056483769463563135,Clear,0,2991642
30.95,3,0.003449947977121005,Clear,0,2991643
75.0,0,0.004397972129289333,Clear,0,2991644
35.95,17,0.0053923271840233475,Clear,0,2991645
825.0,14,0.06233150567631331,Clear,0,2991646
25.95,21,0.003200002364095331,Clear,0,2991647
150.0,17,0.03549973314660904,Clear,0,2991648
49.0,21,0.4328297096503023,Suspicious,0,2991649
68.95,20,0.007714916483168207,Clear,0,2991650
25.95,16,0.004080560130912355,Clear,0,2991651
13.95,1,0.005623953672819376,Clear,0,2991652
200.0,22,0.1531033907636129,Clear,0,2991653
87.217,23,0.4291225871598522,Suspicious,0,2991654
39.0,12,0.00940409883922941,Clear,0,2991655
35.95,23,0.006652746744304169,Clear,0,2991656
47.95,12,0.0031289350990590147,Clear,0,2991657
82.95,13,0.00819633771273902,Clear,0,2991658
35.95,11,0.009526912302064644,Clear,0,2991659
107.95,2,0.007334158253499428,Clear,0,2991660
127.95,17,0.020567872556324408,Clear,0,2991661
59.0,23,0.005632514963082898,Clear,0,2991662
30.0,23,0.014720905909255542,Clear,0,2991663
64.892,22,0.1070989490115947,Clear,0,2991664
171.0,1,0.013245921812826692,Clear,1,2991665
108.5,6,0.022075324222632472,Clear,0,2991666
31.95,22,0.0031120816618187505,Clear,0,2991667
117.0,20,0.015390688593509972,Clear,0,2991668
20.95,19,0.00256796176725984,Clear,0,2991669
29.0,22,0.04057195617686338,Clear,0,2991670
59.0,21,0.01220619971168456,Clear,0,2991671
440.71,16,0.018777305379802173,Clear,0,2991672
57.95,21,0.0034975237655392255,Clear,0,2991673
57.0,19,0.005871312094203147,Clear,0,2991674
200.0,17,0.010689213619244508,Clear,0,2991675
217.896,19,0.41760418763535634,Suspicious,0,2991676
77.0,19,0.02483381483458885,Clear,0,2991677
59.0,1,0.012062882169164848,Clear,0,2991678
30.95,3,0.005308333351281356,Clear,0,2991679
77.95,17,0.011277566965364165,Clear,0,2991680
117.0,21,0.0034726728268103194,Clear,0,2991681
113.5,18,0.012678174672681682,Clear,0,2991682
762.03,20,0.01640747607825807,Clear,0,2991683
100.0,15,0.010146447851103888,Clear,0,2991684
45.0,17,0.003975829312843322,Clear,0,2991685
57.95,18,0.011819688976812659,Clear,0,2991686
59.0,15,0.008505356512434715,Clear,0,2991687
50.0,17,0.015550012370040564,Clear,0,2991688
44.0,0,0.01584279364466538,Clear,0,2991689
49.0,14,0.02920200225373491,Clear,0,2991690
75.0,0,0.023685704448459244,Clear,0,2991691
16.846,15,0.36229846748649586,Clear,0,2991692
1689.69,16,0.007904539193314731,Clear,0,2991693
117.0,16,0.05343184777337088,Clear,0,2991694
59.0,17,0.006184085975391758,Clear,0,2991695
49.0,15,0.008480375560353866,Clear,0,2991696
107.95,22,0.007600009330711378,Clear,0,2991697
106.0,16,0.00425732180741331,Clear,0,2991698
57.95,15,0.012299873776113935,Clear,0,2991699
54.0,4,0.020474143032510828,Clear,0,2991700
59.0,23,0.008244137960335619,Clear,0,2991701
108.95,0,0.00677867627204767,Clear,0,2991702
350.0,23,0.06589695195222964,Clear,0,2991703
108.5,22,0.049003158467813154,Clear,0,2991704
15.0,19,0.022856579276030114,Clear,0,2991705
664.0,8,0.06318686998535669,Clear,0,2991706
107.95,21,0.005002458016947148,Clear,0,2991707
226.0,18,0.03384553199276037,Clear,0,2991708
57.95,1,0.004772266514805372,Clear,0,2991709
59.0,4,0.007050442718266422,Clear,0,2991710
52.95,15,0.01600749043972485,Clear,0,2991711
117.0,17,0.018952893230943638,Clear,0,2991712
97.244,5,0.015891834275465984,Clear,0,2991713
200.0,15,0.16326443122957707,Clear,0,2991714
19.797,22,0.09531061841225161,Clear,0,2991715
43.25,23,0.009605083989104757,Clear,0,2991716
1651.0,20,0.05601451574107804,Clear,0,2991717
117.0,16,0.01331186944969678,Clear,0,2991718
100.0,13,0.010195681958422837,Clear,0,2991719
335.0,22,0.036243662898288925,Clear,0,2991720
884.0,21,0.03215451972799566,Clear,0,2991721
100.0,19,0.07343914099990213,Clear,0,2991722
226.0,21,0.03163909943632661,Clear,0,2991723
200.0,21,0.009433371901828424,Clear,0,2991724
29.765,16,0.03555578622924418,Clear,0,2991725
470.0,22,0.05338894320355554,Clear,0,2991726
107.95,18,0.01305457703922028,Clear,0,2991727
58.95,17,0.029183918129080298,Clear,0,2991728
39.0,19,0.012412633612381365,Clear,0,2991729
49.0,17,0.018698461809047672,Clear,0,2991730
21.0,11,0.008258409755548018,Clear,0,2991731
24.603,22,0.025388382696101823,Clear,0,2991732
57.95,18,0.002989695917377076,Clear,0,2991733
59.0,1,0.022561669259861417,Clear,0,2991734
107.95,11,0.02208592383109374,Clear,0,2991735
35.95,3,0.017646412258261433,Clear,0,2991736
50.0,15,0.015196178542804284,Clear,0,2991737
280.0,14,0.01592695687435339,Clear,0,2991738
129.95,18,0.011664956184036715,Clear,0,2991739
82.95,21,0.004179902192636917,Clear,0,2991740
36.612,21,0.01722519373572244,Clear,0,2991741
29.0,21,0.006624904192589308,Clear,0,2991742
50.0,1,0.015255932700364547,Clear,0,2991743
77.0,20,0.012529321815272665,Clear,0,2991744
250.0,18,0.02757783881896636,Clear,0,2991745
43.95,13,0.016545252282703555,Clear,0,2991746
57.95,23,0.004816609372756795,Clear,0,2991747
33.95,21,0.005371782530691244,Clear,0,2991748
107.95,17,0.0057742923314057755,Clear,0,2991749
2161.0,22,0.113739177428815,Clear,1,2991750
159.95,22,0.008825499427284264,Clear,0,2991751
59.0,13,0.03871195766113639,Clear,0,2991752
39.95,10,0.0071001621284227405,Clear,0,2991753
97.0,17,0.007890940545676458,Clear,0,2991754
226.0,21,0.09611918203468715,Clear,0,2991755
30.95,12,0.010149752965330517,Clear,0,2991756
59.0,20,0.02901210641761008,Clear,0,2991757
90.0,22,0.00786806009426859,Clear,0,2991758
59.0,19,0.00956682323103171,Clear,0,2991759
49.0,3,0.013301023695869312,Clear,0,2991760
100.0,2,0.03446298677153353,Clear,0,2991761
45.0,17,0.007662493515500636,Clear,0,2991762
93.0,0,0.045988351171961143,Clear,0,2991763
150.5,19,0.037505426012965665,Clear,0,2991764
146.0,2,0.11807726368381431,Clear,0,2991765
39.0,19,0.010860111766334906,Clear,0,2991766
625.0,16,0.01776339301072742,Clear,0,2991767
107.95,0,0.005730759495924872,Clear,0,2991768
1044.95,15,0.010567819013026994,Clear,0,2991769
226.0,17,0.0279284001412097,Clear,0,2991770
20.95,21,0.007423563128056179,Clear,0,2991771
100.0,18,0.006620513418296492,Clear,0,2991772
34.95,22,0.003590526256621152,Clear,0,2991773
226.0,13,0.04209502522281202,Clear,0,2991774
32.97,19,0.011228437802342733,Clear,0,2991775
335.0,21,0.10690622783661513,Clear,0,2991776
57.95,21,0.004689917572983925,Clear,0,2991777
117.0,1,0.08663144026173679,Clear,0,2991778
22.795,3,0.010090670975545358,Clear,0,2991779
30.0,22,0.0040762866915709005,Clear,0,2991780
97.0,17,0.008807782975745155,Clear,0,2991781
117.0,22,0.012408540778936857,Clear,0,2991782
92.0,0,0.014300273568325382,Clear,0,2991783
25.0,16,0.010573127162002843,Clear,0,2991784
29.0,14,0.007646603414989476,Clear,0,2991785
57.95,2,0.00394836765357331,Clear,0,2991786
226.0,14,0.11464455628507765,Clear,1,2991787
47.95,2,0.00729999847067751,Clear,0,2991788
29.0,2,0.037895346081076295,Clear,0,2991789
20.0,17,0.014923903825675728,Clear,0,2991790
100.0,21,0.016999778180939357,Clear,0,2991791
75.0,20,0.010695460972529977,Clear,0,2991792
108.95,17,0.011594843001238444,Clear,0,2991793
30.0,16,0.143533108016308,Clear,0,2991794
100.0,3,0.13906644279031596,Clear,0,2991795
50.0,14,0.013915386288020032,Clear,0,2991796
54.225,3,0.831948238152932,Critical Risk,1,2991797
77.219,4,0.013988081739543802,Clear,0,2991798
57.95,22,0.007960271553099495,Clear,0,2991799
57.95,16,0.005595201102088461,Clear,0,2991800
171.0,21,0.08049041156530684,Clear,0,2991801
117.0,0,0.017460588434781293,Clear,0,2991802
67.95,1,0.012842514442610841,Clear,0,2991803
160.5,20,0.01494933722878568,Clear,0,2991804
35.474,15,0.06718020115235918,Clear,0,2991805
884.0,20,0.01203345014889054,Clear,0,2991806
34.0,21,0.004538644358170371,Clear,0,2991807
413.95,1,0.014563396590323607,Clear,0,2991808
844.95,6,0.012502903219434296,Clear,0,2991809
10.0,13,0.023252026376138456,Clear,0,2991810
445.0,20,0.012918536023874312,Clear,0,2991811
15.0,16,0.012037719303369608,Clear,0,2991812
226.0,17,0.01074902876501122,Clear,0,2991813
101.78,0,0.11541616093962095,Clear,0,2991814
53.95,19,0.008703439432704664,Clear,0,2991815
108.5,17,0.01378107896995415,Clear,0,2991816
433.93,21,0.03281975390256522,Clear,0,2991817
10.755,19,0.011173844515944841,Clear,0,2991818
160.5,23,0.008108142817228037,Clear,0,2991819
146.0,14,0.07314046694285402,Clear,0,2991820
15.0,11,0.028647485769667917,Clear,0,2991821
107.95,18,0.02085470041108776,Clear,0,2991822
57.95,19,0.006565505055015338,Clear,0,2991823
21.63,5,0.20619478168482855,Clear,1,2991824
117.0,13,0.012775365362809142,Clear,0,2991825
108.95,20,0.011028515967118369,Clear,0,2991826
15.0,17,0.3218681214957068,Clear,1,2991827
226.0,16,0.007285522627596643,Clear,0,2991828
57.95,12,0.006153582382612474,Clear,0,2991829
64.713,15,0.8705261438483249,Critical Risk,1,2991830
30.95,12,0.007070165504823111,Clear,0,2991831
25.95,21,0.00349933185428227,Clear,0,2991832
13.172,18,0.24366968157261415,Clear,0,2991833
57.95,13,0.008918345434797439,Clear,0,2991834
59.0,18,0.07600947080817898,Clear,1,2991835
107.95,9,0.006441895130486447,Clear,0,2991836
29.0,17,0.00702350062351814,Clear,0,2991837
48.95,21,0.005683067553269574,Clear,0,2991838
159.95,21,0.009601254802062463,Clear,0,2991839
250.0,18,0.006199817368418419,Clear,0,2991840
29.0,21,0.007155237627713141,Clear,0,2991841
1012.0,23,0.011679657233089986,Clear,0,2991842
37.079,22,0.022818449881140214,Clear,0,2991843
117.0,22,0.13343440900074835,Clear,0,2991844
554.0,14,0.021822668665349067,Clear,0,2991845
117.47,18,0.056334493509693225,Clear,0,2991846
844.95,2,0.012934567157432653,Clear,1,2991847
52.95,16,0.00400234849199409,Clear,0,2991848
82.95,23,0.009037701011988843,Clear,0,2991849
30.95,11,0.012389133129934483,Clear,0,2991850
52.95,20,0.0033960804764713946,Clear,0,2991851
32.356,0,0.02249919366199711,Clear,1,2991852
49.0,23,0.009653142463982856,Clear,0,2991853
67.95,16,0.01142164462372542,Clear,0,2991854
57.95,20,0.006273984401532516,Clear,0,2991855
171.0,15,0.07204210519951883,Clear,0,2991856
85.326,17,0.02296452896898673,Clear,0,2991857
25.95,17,0.005826919020298933,Clear,0,2991858
445.0,13,0.19554812003087493,Clear,0,2991859
58.95,21,0.0131272034036317,Clear,0,2991860
115.0,19,0.020980031283826948,Clear,0,2991861
77.0,21,0.012153811269497109,Clear,0,2991862
29.0,16,0.005536364008165509,Clear,0,2991863
113.0,21,0.00998435032276598,Clear,0,2991864
107.95,14,0.0062605976541586575,Clear,0,2991865
87.95,18,0.014828501166169619,Clear,0,2991866
49.0,18,0.012475266645743046,Clear,0,2991867
15.286,3,0.09488458693975149,Clear,0,2991868
100.0,21,0.008881776598152336,Clear,0,2991869
47.95,4,0.008894990340254915,Clear,0,2991870
103.97,4,0.009390005890848629,Clear,0,2991871
160.95,17,0.012801394304460048,Clear,0,2991872
42.95,23,0.008826332220064263,Clear,0,2991873
59.0,14,0.009815123723096647,Clear,0,2991874
9.468,12,0.23673235622333258,Clear,0,2991875
50.0,21,0.015942190021149473,Clear,0,2991876
97.0,16,0.0045993454139626215,Clear,0,2991877
29.0,19,0.008835467776355159,Clear,0,2991878
50.0,1,0.007770076373864931,Clear,0,2991879
2963.95,17,0.014476390939812662,Clear,0,2991880
1782.17,17,0.01903022595065101,Clear,0,2991881
47.95,15,0.006292594798493777,Clear,0,2991882
57.95,20,0.007169641058766719,Clear,0,2991883
77.0,17,0.011331517178010354,Clear,0,2991884
100.0,0,0.03424580234534432,Clear,0,2991885
107.95,3,0.017718663818362648,Clear,0,2991886
117.0,0,0.018944869908114847,Clear,0,2991887
30.0,17,0.008965974740069925,Clear,0,2991888
117.0,1,0.0250859672478617,Clear,0,2991889
104.949,18,0.1536650718083702,Clear,0,2991890
741.95,17,0.02500303323665252,Clear,0,2991891
68.5,18,0.004060447352804207,Clear,0,2991892
1000.0,13,0.04199596877552478,Clear,0,2991893
58.95,22,0.00710979931641475,Clear,0,2991894
100.0,8,0.260716337052318,Clear,0,2991895
59.0,22,0.01402568154879601,Clear,0,2991896
107.95,8,0.00832572935052643,Clear,0,2991897
50.0,1,0.007311129615983487,Clear,0,2991898
49.0,1,0.006686902455103606,Clear,0,2991899
139.95,15,0.00439717565366313,Clear,0,2991900
141.0,23,0.07674182163894454,Clear,0,2991901
63.95,1,0.00818502145573184,Clear,0,2991902
554.0,12,0.1476901658733734,Clear,0,2991903
49.0,1,0.010664517105049802,Clear,0,2991904
14.561,18,0.0342123835434094,Clear,0,2991905
52.95,2,0.009040477871578684,Clear,0,2991906
226.0,17,0.011258128515079804,Clear,0,2991907
209.95,18,0.05225034710587322,Clear,0,2991908
20.95,23,0.005228214430816401,Clear,0,2991909
10.392,3,0.024968336941386053,Clear,0,2991910
22.737,2,0.010830736038247564,Clear,0,2991911
59.0,19,0.010056878254391825,Clear,0,2991912
88.5,14,0.06370978523008439,Clear,0,2991913
294.92,20,0.03402086214082412,Clear,0,2991914
100.0,22,0.009335363969274748,Clear,0,2991915
117.0,15,0.03257211668646666,Clear,0,2991916
300.0,14,0.011268455136263143,Clear,0,2991917
53.0,19,0.004803834219692123,Clear,0,2991918
209.95,18,0.007819433522231724,Clear,0,2991919
55.95,3,0.011205364486816248,Clear,0,2991920
107.95,0,0.01685158254553051,Clear,0,2991921
952.79,1,0.021080757284796615,Clear,0,2991922
53.97,14,0.02252177575740948,Clear,0,2991923
884.0,1,0.012242325197128388,Clear,0,2991924
34.0,18,0.0453136530911769,Clear,0,2991925
25.95,6,0.0057883526894476674,Clear,0,2991926
66.583,18,0.05280339541757874,Clear,0,2991927
40.0,21,0.011479827857758905,Clear,0,2991928
22.0,23,0.014928842176681726,Clear,0,2991929
57.95,14,0.011321906765449655,Clear,0,2991930
77.0,22,0.014973377961143317,Clear,0,2991931
10.53,0,0.021288027550594252,Clear,0,2991932
15.0,5,0.011967129188440987,Clear,0,2991933
39.0,16,0.013426305238420713,Clear,0,2991934
25.0,19,0.005936877433272849,Clear,0,2991935
108.95,21,0.004787056901532485,Clear,0,2991936
87.0,20,0.0058231574714408775,Clear,0,2991937
26.0,21,0.005874163115488969,Clear,0,2991938
31.95,1,0.004329557300711611,Clear,0,2991939
59.0,23,0.010501934956164428,Clear,0,2991940
40.0,4,0.07553061944438977,Clear,0,2991941
57.95,18,0.007229582541246447,Clear,0,2991942
161.0,12,0.02381336401970376,Clear,0,2991943
57.95,16,0.0033086145757476883,Clear,0,2991944
30.95,0,0.005121201892144127,Clear,0,2991945
59.0,20,0.01411806389419426,Clear,0,2991946
52.324,17,0.04159586056648257,Clear,0,2991947
204.97,12,0.053782537905370825,Clear,0,2991948
2161.0,13,0.05024952448800867,Clear,0,2991949
77.0,23,0.07690040923609504,Clear,0,2991950
57.95,14,0.00584579788535739,Clear,0,2991951
13.526,19,0.00818981643097062,Clear,0,2991952
49.0,17,0.0061341554048742085,Clear,0,2991953
40.577,22,0.4019994226483882,Suspicious,0,2991954
25.0,16,0.038557500265324805,Clear,0,2991955
17.95,1,0.005260155720489175,Clear,0,2991956
32.881,16,0.22095295563368822,Clear,1,2991957
226.0,18,0.027089868609971018,Clear,0,2991958
23.117,4,0.037087747998854996,Clear,1,2991959
2507.95,20,0.04903876389453083,Clear,0,2991960
24.95,15,0.009759650221312323,Clear,0,2991961
34.97,3,0.007754775001399719,Clear,0,2991962
77.95,14,0.007588523497756424,Clear,0,2991963
49.0,21,0.00977844840144619,Clear,0,2991964
35.95,22,0.00615333948431562,Clear,0,2991965
59.0,20,0.009520025546973484,Clear,0,2991966
29.0,17,0.0112662801097656,Clear,0,2991967
39.0,20,0.0163852958630508,Clear,0,2991968
87.95,18,0.006841273668787657,Clear,0,2991969
49.0,23,0.013844027474839272,Clear,0,2991970
92.0,13,0.007896824104678327,Clear,0,2991971
100.0,21,0.01693075561713018,Clear,0,2991972
35.95,2,0.0058491974628914045,Clear,0,2991973
117.0,19,0.03548832843906872,Clear,0,2991974
59.0,3,0.025510689196961363,Clear,0,2991975
25.95,15,0.004376848241707666,Clear,0,2991976
46.417,15,0.28153200503575343,Clear,0,2991977
42.95,13,0.013154067817043426,Clear,0,2991978
30.0,11,0.8870831496701519,Critical Risk,1,2991979
67.95,5,0.02618081039311137,Clear,0,2991980
35.044,12,0.9162867167583636,Critical Risk,1,2991981
59.0,16,0.009595816480291905,Clear,0,2991982
92.0,17,0.014733508018456996,Clear,0,2991983
100.0,20,0.04044908613889502,Clear,0,2991984
39.0,0,0.004647006306043356,Clear,0,2991985
29.0,18,0.005702668614931716,Clear,0,2991986
20.0,12,0.01832234495965221,Clear,0,2991987
117.0,12,0.038085112288875844,Clear,0,2991988
86.564,10,0.01860812759544642,Clear,0,2991989
25.497,18,0.0249655531762192,Clear,0,2991990
27.97,5,0.012086589000268226,Clear,0,2991991
100.0,17,0.03494790803514799,Clear,0,2991992
57.95,14,0.0031556491142366236,Clear,0,2991993
56.901,22,0.030785960124960175,Clear,0,2991994
469.34,18,0.014059398681448827,Clear,0,2991995
39.0,20,0.012963556718594667,Clear,0,2991996
31.95,2,0.008557435999074159,Clear,0,2991997
57.95,23,0.005312311788808564,Clear,0,2991998
48.95,20,0.005927787401227506,Clear,0,2991999
